alpha,n,mu,variog_model,tau2,sigma2,phi,grid_type,min_x_grid,max_x_grid,min_y_grid,max_y_grid,min_delta,max_delta,n_points_delta,n_bootstrap,delta_range,potencia
0.05,20,0,exponencial,0,1,10,random,"(0,)","(100,)","(0,)","(100,)",-1,1,50,200,"[-1.         -0.95918367 -0.91836735 -0.87755102 -0.83673469 -0.79591837
 -0.75510204 -0.71428571 -0.67346939 -0.63265306 -0.59183673 -0.55102041
 -0.51020408 -0.46938776 -0.42857143 -0.3877551  -0.34693878 -0.30612245
 -0.26530612 -0.2244898  -0.18367347 -0.14285714 -0.10204082 -0.06122449
 -0.02040816  0.02040816  0.06122449  0.10204082  0.14285714  0.18367347
  0.2244898   0.26530612  0.30612245  0.34693878  0.3877551   0.42857143
  0.46938776  0.51020408  0.55102041  0.59183673  0.63265306  0.67346939
  0.71428571  0.75510204  0.79591837  0.83673469  0.87755102  0.91836735
  0.95918367  1.        ]","[0.98, 0.945, 0.92, 0.92, 0.91, 0.85, 0.805, 0.84, 0.765, 0.715, 0.675, 0.645, 0.6, 0.535, 0.49, 0.4, 0.335, 0.33, 0.25, 0.29, 0.205, 0.245, 0.205, 0.15, 0.175, 0.155, 0.125, 0.16, 0.175, 0.24, 0.245, 0.305, 0.325, 0.45, 0.465, 0.44, 0.54, 0.635, 0.595, 0.66, 0.745, 0.725, 0.81, 0.795, 0.835, 0.87, 0.935, 0.935, 0.945, 0.965]"
0.05,20,0,exponencial,0,1,20,random,"(0,)","(100,)","(0,)","(100,)",-1,1,50,200,"[-1.         -0.95918367 -0.91836735 -0.87755102 -0.83673469 -0.79591837
 -0.75510204 -0.71428571 -0.67346939 -0.63265306 -0.59183673 -0.55102041
 -0.51020408 -0.46938776 -0.42857143 -0.3877551  -0.34693878 -0.30612245
 -0.26530612 -0.2244898  -0.18367347 -0.14285714 -0.10204082 -0.06122449
 -0.02040816  0.02040816  0.06122449  0.10204082  0.14285714  0.18367347
  0.2244898   0.26530612  0.30612245  0.34693878  0.3877551   0.42857143
  0.46938776  0.51020408  0.55102041  0.59183673  0.63265306  0.67346939
  0.71428571  0.75510204  0.79591837  0.83673469  0.87755102  0.91836735
  0.95918367  1.        ]","[0.91, 0.87, 0.84, 0.795, 0.865, 0.795, 0.75, 0.77, 0.69, 0.695, 0.685, 0.67, 0.615, 0.575, 0.595, 0.48, 0.43, 0.445, 0.445, 0.39, 0.36, 0.365, 0.35, 0.34, 0.365, 0.275, 0.27, 0.34, 0.33, 0.42, 0.38, 0.445, 0.435, 0.51, 0.51, 0.6, 0.54, 0.57, 0.58, 0.72, 0.645, 0.68, 0.765, 0.77, 0.845, 0.815, 0.85, 0.835, 0.87, 0.91]"
0.05,20,0,exponencial,0,1,30,random,"(0,)","(100,)","(0,)","(100,)",-1,1,50,200,"[-1.         -0.95918367 -0.91836735 -0.87755102 -0.83673469 -0.79591837
 -0.75510204 -0.71428571 -0.67346939 -0.63265306 -0.59183673 -0.55102041
 -0.51020408 -0.46938776 -0.42857143 -0.3877551  -0.34693878 -0.30612245
 -0.26530612 -0.2244898  -0.18367347 -0.14285714 -0.10204082 -0.06122449
 -0.02040816  0.02040816  0.06122449  0.10204082  0.14285714  0.18367347
  0.2244898   0.26530612  0.30612245  0.34693878  0.3877551   0.42857143
  0.46938776  0.51020408  0.55102041  0.59183673  0.63265306  0.67346939
  0.71428571  0.75510204  0.79591837  0.83673469  0.87755102  0.91836735
  0.95918367  1.        ]","[0.85, 0.865, 0.885, 0.82, 0.815, 0.775, 0.75, 0.77, 0.755, 0.7, 0.725, 0.64, 0.605, 0.58, 0.53, 0.575, 0.56, 0.515, 0.56, 0.53, 0.45, 0.42, 0.49, 0.435, 0.43, 0.455, 0.49, 0.45, 0.425, 0.455, 0.495, 0.49, 0.475, 0.525, 0.57, 0.575, 0.665, 0.64, 0.62, 0.595, 0.72, 0.755, 0.76, 0.755, 0.765, 0.79, 0.84, 0.83, 0.845, 0.875]"
0.05,20,0,exponencial,0,1,40,random,"(0,)","(100,)","(0,)","(100,)",-1,1,50,200,"[-1.         -0.95918367 -0.91836735 -0.87755102 -0.83673469 -0.79591837
 -0.75510204 -0.71428571 -0.67346939 -0.63265306 -0.59183673 -0.55102041
 -0.51020408 -0.46938776 -0.42857143 -0.3877551  -0.34693878 -0.30612245
 -0.26530612 -0.2244898  -0.18367347 -0.14285714 -0.10204082 -0.06122449
 -0.02040816  0.02040816  0.06122449  0.10204082  0.14285714  0.18367347
  0.2244898   0.26530612  0.30612245  0.34693878  0.3877551   0.42857143
  0.46938776  0.51020408  0.55102041  0.59183673  0.63265306  0.67346939
  0.71428571  0.75510204  0.79591837  0.83673469  0.87755102  0.91836735
  0.95918367  1.        ]","[0.89, 0.805, 0.825, 0.81, 0.795, 0.78, 0.755, 0.705, 0.765, 0.715, 0.695, 0.635, 0.62, 0.665, 0.625, 0.635, 0.63, 0.575, 0.555, 0.575, 0.585, 0.63, 0.49, 0.54, 0.6, 0.58, 0.55, 0.56, 0.545, 0.575, 0.585, 0.535, 0.6, 0.595, 0.68, 0.6, 0.72, 0.635, 0.645, 0.71, 0.705, 0.705, 0.805, 0.815, 0.76, 0.8, 0.825, 0.785, 0.855, 0.86]"
0.05,20,0,exponencial,0,1,50,random,"(0,)","(100,)","(0,)","(100,)",-1,1,50,200,"[-1.         -0.95918367 -0.91836735 -0.87755102 -0.83673469 -0.79591837
 -0.75510204 -0.71428571 -0.67346939 -0.63265306 -0.59183673 -0.55102041
 -0.51020408 -0.46938776 -0.42857143 -0.3877551  -0.34693878 -0.30612245
 -0.26530612 -0.2244898  -0.18367347 -0.14285714 -0.10204082 -0.06122449
 -0.02040816  0.02040816  0.06122449  0.10204082  0.14285714  0.18367347
  0.2244898   0.26530612  0.30612245  0.34693878  0.3877551   0.42857143
  0.46938776  0.51020408  0.55102041  0.59183673  0.63265306  0.67346939
  0.71428571  0.75510204  0.79591837  0.83673469  0.87755102  0.91836735
  0.95918367  1.        ]","[0.84, 0.82, 0.825, 0.82, 0.78, 0.76, 0.77, 0.76, 0.72, 0.71, 0.715, 0.67, 0.67, 0.695, 0.62, 0.65, 0.66, 0.635, 0.625, 0.615, 0.545, 0.62, 0.615, 0.625, 0.605, 0.645, 0.625, 0.59, 0.625, 0.59, 0.64, 0.605, 0.65, 0.67, 0.6, 0.66, 0.66, 0.67, 0.65, 0.77, 0.765, 0.745, 0.785, 0.73, 0.795, 0.805, 0.82, 0.85, 0.865, 0.885]"
0.05,20,0,exponencial,0,1,60,random,"(0,)","(100,)","(0,)","(100,)",-1,1,50,200,"[-1.         -0.95918367 -0.91836735 -0.87755102 -0.83673469 -0.79591837
 -0.75510204 -0.71428571 -0.67346939 -0.63265306 -0.59183673 -0.55102041
 -0.51020408 -0.46938776 -0.42857143 -0.3877551  -0.34693878 -0.30612245
 -0.26530612 -0.2244898  -0.18367347 -0.14285714 -0.10204082 -0.06122449
 -0.02040816  0.02040816  0.06122449  0.10204082  0.14285714  0.18367347
  0.2244898   0.26530612  0.30612245  0.34693878  0.3877551   0.42857143
  0.46938776  0.51020408  0.55102041  0.59183673  0.63265306  0.67346939
  0.71428571  0.75510204  0.79591837  0.83673469  0.87755102  0.91836735
  0.95918367  1.        ]","[0.88, 0.86, 0.84, 0.815, 0.815, 0.79, 0.78, 0.765, 0.78, 0.795, 0.74, 0.73, 0.73, 0.725, 0.72, 0.71, 0.685, 0.65, 0.59, 0.63, 0.625, 0.675, 0.62, 0.645, 0.645, 0.665, 0.64, 0.625, 0.635, 0.615, 0.705, 0.635, 0.72, 0.71, 0.64, 0.705, 0.72, 0.69, 0.695, 0.74, 0.71, 0.765, 0.81, 0.815, 0.795, 0.8, 0.805, 0.845, 0.825, 0.835]"
0.05,20,0,exponencial,0,1,70,random,"(0,)","(100,)","(0,)","(100,)",-1,1,50,200,"[-1.         -0.95918367 -0.91836735 -0.87755102 -0.83673469 -0.79591837
 -0.75510204 -0.71428571 -0.67346939 -0.63265306 -0.59183673 -0.55102041
 -0.51020408 -0.46938776 -0.42857143 -0.3877551  -0.34693878 -0.30612245
 -0.26530612 -0.2244898  -0.18367347 -0.14285714 -0.10204082 -0.06122449
 -0.02040816  0.02040816  0.06122449  0.10204082  0.14285714  0.18367347
  0.2244898   0.26530612  0.30612245  0.34693878  0.3877551   0.42857143
  0.46938776  0.51020408  0.55102041  0.59183673  0.63265306  0.67346939
  0.71428571  0.75510204  0.79591837  0.83673469  0.87755102  0.91836735
  0.95918367  1.        ]","[0.875, 0.835, 0.87, 0.795, 0.845, 0.785, 0.795, 0.795, 0.735, 0.775, 0.78, 0.715, 0.765, 0.73, 0.675, 0.735, 0.715, 0.695, 0.75, 0.69, 0.71, 0.66, 0.615, 0.635, 0.685, 0.7, 0.63, 0.63, 0.705, 0.675, 0.635, 0.705, 0.705, 0.705, 0.725, 0.705, 0.7, 0.775, 0.765, 0.75, 0.815, 0.73, 0.79, 0.8, 0.775, 0.8, 0.855, 0.795, 0.84, 0.92]"
0.05,20,0,exponencial,0,1,80,random,"(0,)","(100,)","(0,)","(100,)",-1,1,50,200,"[-1.         -0.95918367 -0.91836735 -0.87755102 -0.83673469 -0.79591837
 -0.75510204 -0.71428571 -0.67346939 -0.63265306 -0.59183673 -0.55102041
 -0.51020408 -0.46938776 -0.42857143 -0.3877551  -0.34693878 -0.30612245
 -0.26530612 -0.2244898  -0.18367347 -0.14285714 -0.10204082 -0.06122449
 -0.02040816  0.02040816  0.06122449  0.10204082  0.14285714  0.18367347
  0.2244898   0.26530612  0.30612245  0.34693878  0.3877551   0.42857143
  0.46938776  0.51020408  0.55102041  0.59183673  0.63265306  0.67346939
  0.71428571  0.75510204  0.79591837  0.83673469  0.87755102  0.91836735
  0.95918367  1.        ]","[0.865, 0.835, 0.86, 0.765, 0.8, 0.81, 0.815, 0.855, 0.83, 0.825, 0.74, 0.74, 0.73, 0.67, 0.71, 0.71, 0.74, 0.695, 0.725, 0.655, 0.665, 0.735, 0.72, 0.64, 0.675, 0.63, 0.67, 0.725, 0.69, 0.68, 0.745, 0.71, 0.745, 0.715, 0.75, 0.785, 0.725, 0.79, 0.705, 0.77, 0.81, 0.8, 0.745, 0.745, 0.865, 0.79, 0.85, 0.835, 0.855, 0.875]"
0.05,20,0,exponencial,0,1,90,random,"(0,)","(100,)","(0,)","(100,)",-1,1,50,200,"[-1.         -0.95918367 -0.91836735 -0.87755102 -0.83673469 -0.79591837
 -0.75510204 -0.71428571 -0.67346939 -0.63265306 -0.59183673 -0.55102041
 -0.51020408 -0.46938776 -0.42857143 -0.3877551  -0.34693878 -0.30612245
 -0.26530612 -0.2244898  -0.18367347 -0.14285714 -0.10204082 -0.06122449
 -0.02040816  0.02040816  0.06122449  0.10204082  0.14285714  0.18367347
  0.2244898   0.26530612  0.30612245  0.34693878  0.3877551   0.42857143
  0.46938776  0.51020408  0.55102041  0.59183673  0.63265306  0.67346939
  0.71428571  0.75510204  0.79591837  0.83673469  0.87755102  0.91836735
  0.95918367  1.        ]","[0.875, 0.87, 0.865, 0.825, 0.82, 0.825, 0.81, 0.805, 0.825, 0.765, 0.75, 0.83, 0.8, 0.725, 0.755, 0.76, 0.745, 0.675, 0.74, 0.695, 0.76, 0.77, 0.68, 0.72, 0.705, 0.725, 0.67, 0.735, 0.68, 0.755, 0.72, 0.69, 0.76, 0.775, 0.69, 0.755, 0.77, 0.78, 0.75, 0.84, 0.79, 0.79, 0.86, 0.81, 0.845, 0.83, 0.84, 0.8, 0.855, 0.85]"
0.05,20,0,exponencial,0,1,100,random,"(0,)","(100,)","(0,)","(100,)",-1,1,50,200,"[-1.         -0.95918367 -0.91836735 -0.87755102 -0.83673469 -0.79591837
 -0.75510204 -0.71428571 -0.67346939 -0.63265306 -0.59183673 -0.55102041
 -0.51020408 -0.46938776 -0.42857143 -0.3877551  -0.34693878 -0.30612245
 -0.26530612 -0.2244898  -0.18367347 -0.14285714 -0.10204082 -0.06122449
 -0.02040816  0.02040816  0.06122449  0.10204082  0.14285714  0.18367347
  0.2244898   0.26530612  0.30612245  0.34693878  0.3877551   0.42857143
  0.46938776  0.51020408  0.55102041  0.59183673  0.63265306  0.67346939
  0.71428571  0.75510204  0.79591837  0.83673469  0.87755102  0.91836735
  0.95918367  1.        ]","[0.89, 0.86, 0.855, 0.84, 0.81, 0.85, 0.81, 0.81, 0.805, 0.77, 0.755, 0.77, 0.76, 0.775, 0.785, 0.735, 0.74, 0.76, 0.73, 0.715, 0.72, 0.71, 0.75, 0.725, 0.74, 0.745, 0.675, 0.69, 0.72, 0.755, 0.75, 0.76, 0.725, 0.73, 0.815, 0.81, 0.83, 0.755, 0.77, 0.75, 0.8, 0.815, 0.805, 0.8, 0.865, 0.845, 0.855, 0.875, 0.835, 0.91]"
0.05,20,0,gaussiano,0,1,10,random,"(0,)","(100,)","(0,)","(100,)",-1,1,50,200,"[-1.         -0.95918367 -0.91836735 -0.87755102 -0.83673469 -0.79591837
 -0.75510204 -0.71428571 -0.67346939 -0.63265306 -0.59183673 -0.55102041
 -0.51020408 -0.46938776 -0.42857143 -0.3877551  -0.34693878 -0.30612245
 -0.26530612 -0.2244898  -0.18367347 -0.14285714 -0.10204082 -0.06122449
 -0.02040816  0.02040816  0.06122449  0.10204082  0.14285714  0.18367347
  0.2244898   0.26530612  0.30612245  0.34693878  0.3877551   0.42857143
  0.46938776  0.51020408  0.55102041  0.59183673  0.63265306  0.67346939
  0.71428571  0.75510204  0.79591837  0.83673469  0.87755102  0.91836735
  0.95918367  1.        ]","[0.945, 0.98, 0.925, 0.955, 0.89, 0.915, 0.885, 0.745, 0.775, 0.745, 0.68, 0.68, 0.51, 0.445, 0.455, 0.37, 0.33, 0.305, 0.26, 0.23, 0.205, 0.14, 0.13, 0.115, 0.135, 0.125, 0.145, 0.16, 0.11, 0.195, 0.23, 0.24, 0.305, 0.38, 0.375, 0.53, 0.495, 0.525, 0.675, 0.71, 0.74, 0.83, 0.78, 0.855, 0.875, 0.89, 0.935, 0.955, 0.97, 0.97]"
0.05,20,0,gaussiano,0,1,20,random,"(0,)","(100,)","(0,)","(100,)",-1,1,50,200,"[-1.         -0.95918367 -0.91836735 -0.87755102 -0.83673469 -0.79591837
 -0.75510204 -0.71428571 -0.67346939 -0.63265306 -0.59183673 -0.55102041
 -0.51020408 -0.46938776 -0.42857143 -0.3877551  -0.34693878 -0.30612245
 -0.26530612 -0.2244898  -0.18367347 -0.14285714 -0.10204082 -0.06122449
 -0.02040816  0.02040816  0.06122449  0.10204082  0.14285714  0.18367347
  0.2244898   0.26530612  0.30612245  0.34693878  0.3877551   0.42857143
  0.46938776  0.51020408  0.55102041  0.59183673  0.63265306  0.67346939
  0.71428571  0.75510204  0.79591837  0.83673469  0.87755102  0.91836735
  0.95918367  1.        ]","[0.9, 0.86, 0.88, 0.88, 0.875, 0.785, 0.745, 0.72, 0.74, 0.67, 0.695, 0.66, 0.53, 0.535, 0.455, 0.415, 0.46, 0.37, 0.375, 0.345, 0.325, 0.355, 0.245, 0.28, 0.22, 0.265, 0.32, 0.25, 0.245, 0.345, 0.36, 0.37, 0.415, 0.465, 0.425, 0.565, 0.525, 0.62, 0.59, 0.665, 0.715, 0.685, 0.71, 0.76, 0.84, 0.815, 0.825, 0.89, 0.95, 0.94]"
0.05,20,0,gaussiano,0,1,30,random,"(0,)","(100,)","(0,)","(100,)",-1,1,50,200,"[-1.         -0.95918367 -0.91836735 -0.87755102 -0.83673469 -0.79591837
 -0.75510204 -0.71428571 -0.67346939 -0.63265306 -0.59183673 -0.55102041
 -0.51020408 -0.46938776 -0.42857143 -0.3877551  -0.34693878 -0.30612245
 -0.26530612 -0.2244898  -0.18367347 -0.14285714 -0.10204082 -0.06122449
 -0.02040816  0.02040816  0.06122449  0.10204082  0.14285714  0.18367347
  0.2244898   0.26530612  0.30612245  0.34693878  0.3877551   0.42857143
  0.46938776  0.51020408  0.55102041  0.59183673  0.63265306  0.67346939
  0.71428571  0.75510204  0.79591837  0.83673469  0.87755102  0.91836735
  0.95918367  1.        ]","[0.925, 0.865, 0.83, 0.85, 0.805, 0.805, 0.82, 0.79, 0.73, 0.68, 0.665, 0.65, 0.645, 0.545, 0.58, 0.51, 0.495, 0.475, 0.44, 0.445, 0.4, 0.46, 0.43, 0.39, 0.45, 0.43, 0.42, 0.44, 0.42, 0.455, 0.46, 0.46, 0.5, 0.51, 0.485, 0.625, 0.63, 0.575, 0.66, 0.65, 0.69, 0.725, 0.74, 0.775, 0.805, 0.795, 0.825, 0.855, 0.87, 0.845]"
0.05,20,0,gaussiano,0,1,40,random,"(0,)","(100,)","(0,)","(100,)",-1,1,50,200,"[-1.         -0.95918367 -0.91836735 -0.87755102 -0.83673469 -0.79591837
 -0.75510204 -0.71428571 -0.67346939 -0.63265306 -0.59183673 -0.55102041
 -0.51020408 -0.46938776 -0.42857143 -0.3877551  -0.34693878 -0.30612245
 -0.26530612 -0.2244898  -0.18367347 -0.14285714 -0.10204082 -0.06122449
 -0.02040816  0.02040816  0.06122449  0.10204082  0.14285714  0.18367347
  0.2244898   0.26530612  0.30612245  0.34693878  0.3877551   0.42857143
  0.46938776  0.51020408  0.55102041  0.59183673  0.63265306  0.67346939
  0.71428571  0.75510204  0.79591837  0.83673469  0.87755102  0.91836735
  0.95918367  1.        ]","[0.88, 0.865, 0.83, 0.82, 0.825, 0.785, 0.75, 0.735, 0.75, 0.73, 0.74, 0.69, 0.605, 0.655, 0.605, 0.645, 0.555, 0.515, 0.565, 0.56, 0.54, 0.545, 0.57, 0.55, 0.54, 0.51, 0.52, 0.525, 0.495, 0.54, 0.54, 0.61, 0.555, 0.53, 0.59, 0.66, 0.68, 0.675, 0.695, 0.765, 0.705, 0.745, 0.745, 0.76, 0.775, 0.795, 0.87, 0.84, 0.85, 0.85]"
0.05,20,0,gaussiano,0,1,50,random,"(0,)","(100,)","(0,)","(100,)",-1,1,50,200,"[-1.         -0.95918367 -0.91836735 -0.87755102 -0.83673469 -0.79591837
 -0.75510204 -0.71428571 -0.67346939 -0.63265306 -0.59183673 -0.55102041
 -0.51020408 -0.46938776 -0.42857143 -0.3877551  -0.34693878 -0.30612245
 -0.26530612 -0.2244898  -0.18367347 -0.14285714 -0.10204082 -0.06122449
 -0.02040816  0.02040816  0.06122449  0.10204082  0.14285714  0.18367347
  0.2244898   0.26530612  0.30612245  0.34693878  0.3877551   0.42857143
  0.46938776  0.51020408  0.55102041  0.59183673  0.63265306  0.67346939
  0.71428571  0.75510204  0.79591837  0.83673469  0.87755102  0.91836735
  0.95918367  1.        ]","[0.86, 0.86, 0.855, 0.83, 0.765, 0.8, 0.79, 0.785, 0.755, 0.715, 0.7, 0.705, 0.65, 0.7, 0.625, 0.695, 0.645, 0.605, 0.66, 0.595, 0.6, 0.565, 0.605, 0.63, 0.57, 0.655, 0.58, 0.665, 0.665, 0.625, 0.63, 0.635, 0.67, 0.6, 0.69, 0.665, 0.71, 0.705, 0.72, 0.765, 0.75, 0.715, 0.795, 0.775, 0.825, 0.85, 0.84, 0.87, 0.865, 0.885]"
0.05,20,0,gaussiano,0,1,60,random,"(0,)","(100,)","(0,)","(100,)",-1,1,50,200,"[-1.         -0.95918367 -0.91836735 -0.87755102 -0.83673469 -0.79591837
 -0.75510204 -0.71428571 -0.67346939 -0.63265306 -0.59183673 -0.55102041
 -0.51020408 -0.46938776 -0.42857143 -0.3877551  -0.34693878 -0.30612245
 -0.26530612 -0.2244898  -0.18367347 -0.14285714 -0.10204082 -0.06122449
 -0.02040816  0.02040816  0.06122449  0.10204082  0.14285714  0.18367347
  0.2244898   0.26530612  0.30612245  0.34693878  0.3877551   0.42857143
  0.46938776  0.51020408  0.55102041  0.59183673  0.63265306  0.67346939
  0.71428571  0.75510204  0.79591837  0.83673469  0.87755102  0.91836735
  0.95918367  1.        ]","[0.875, 0.86, 0.905, 0.795, 0.845, 0.755, 0.785, 0.78, 0.785, 0.735, 0.775, 0.72, 0.745, 0.72, 0.735, 0.69, 0.675, 0.68, 0.71, 0.72, 0.635, 0.685, 0.675, 0.685, 0.715, 0.71, 0.735, 0.695, 0.61, 0.625, 0.66, 0.68, 0.705, 0.72, 0.66, 0.655, 0.75, 0.735, 0.725, 0.775, 0.805, 0.825, 0.835, 0.805, 0.83, 0.825, 0.835, 0.835, 0.855, 0.875]"
0.05,20,0,gaussiano,0,1,70,random,"(0,)","(100,)","(0,)","(100,)",-1,1,50,200,"[-1.         -0.95918367 -0.91836735 -0.87755102 -0.83673469 -0.79591837
 -0.75510204 -0.71428571 -0.67346939 -0.63265306 -0.59183673 -0.55102041
 -0.51020408 -0.46938776 -0.42857143 -0.3877551  -0.34693878 -0.30612245
 -0.26530612 -0.2244898  -0.18367347 -0.14285714 -0.10204082 -0.06122449
 -0.02040816  0.02040816  0.06122449  0.10204082  0.14285714  0.18367347
  0.2244898   0.26530612  0.30612245  0.34693878  0.3877551   0.42857143
  0.46938776  0.51020408  0.55102041  0.59183673  0.63265306  0.67346939
  0.71428571  0.75510204  0.79591837  0.83673469  0.87755102  0.91836735
  0.95918367  1.        ]","[0.845, 0.865, 0.885, 0.825, 0.845, 0.815, 0.79, 0.805, 0.8, 0.785, 0.79, 0.815, 0.78, 0.805, 0.77, 0.755, 0.75, 0.77, 0.77, 0.725, 0.755, 0.74, 0.715, 0.71, 0.735, 0.79, 0.675, 0.745, 0.735, 0.755, 0.73, 0.7, 0.805, 0.755, 0.775, 0.785, 0.72, 0.75, 0.805, 0.775, 0.785, 0.8, 0.84, 0.84, 0.795, 0.865, 0.87, 0.85, 0.89, 0.86]"
0.05,20,0,gaussiano,0,1,80,random,"(0,)","(100,)","(0,)","(100,)",-1,1,50,200,"[-1.         -0.95918367 -0.91836735 -0.87755102 -0.83673469 -0.79591837
 -0.75510204 -0.71428571 -0.67346939 -0.63265306 -0.59183673 -0.55102041
 -0.51020408 -0.46938776 -0.42857143 -0.3877551  -0.34693878 -0.30612245
 -0.26530612 -0.2244898  -0.18367347 -0.14285714 -0.10204082 -0.06122449
 -0.02040816  0.02040816  0.06122449  0.10204082  0.14285714  0.18367347
  0.2244898   0.26530612  0.30612245  0.34693878  0.3877551   0.42857143
  0.46938776  0.51020408  0.55102041  0.59183673  0.63265306  0.67346939
  0.71428571  0.75510204  0.79591837  0.83673469  0.87755102  0.91836735
  0.95918367  1.        ]","[0.895, 0.895, 0.885, 0.85, 0.865, 0.84, 0.825, 0.795, 0.76, 0.805, 0.815, 0.855, 0.78, 0.785, 0.785, 0.745, 0.765, 0.795, 0.78, 0.74, 0.84, 0.72, 0.78, 0.73, 0.805, 0.765, 0.765, 0.81, 0.7, 0.73, 0.675, 0.77, 0.76, 0.74, 0.79, 0.805, 0.83, 0.78, 0.79, 0.77, 0.855, 0.805, 0.845, 0.82, 0.83, 0.85, 0.84, 0.87, 0.88, 0.87]"
0.05,20,0,gaussiano,0,1,90,random,"(0,)","(100,)","(0,)","(100,)",-1,1,50,200,"[-1.         -0.95918367 -0.91836735 -0.87755102 -0.83673469 -0.79591837
 -0.75510204 -0.71428571 -0.67346939 -0.63265306 -0.59183673 -0.55102041
 -0.51020408 -0.46938776 -0.42857143 -0.3877551  -0.34693878 -0.30612245
 -0.26530612 -0.2244898  -0.18367347 -0.14285714 -0.10204082 -0.06122449
 -0.02040816  0.02040816  0.06122449  0.10204082  0.14285714  0.18367347
  0.2244898   0.26530612  0.30612245  0.34693878  0.3877551   0.42857143
  0.46938776  0.51020408  0.55102041  0.59183673  0.63265306  0.67346939
  0.71428571  0.75510204  0.79591837  0.83673469  0.87755102  0.91836735
  0.95918367  1.        ]","[0.885, 0.875, 0.865, 0.88, 0.865, 0.86, 0.86, 0.855, 0.825, 0.855, 0.88, 0.845, 0.785, 0.83, 0.75, 0.78, 0.77, 0.825, 0.83, 0.795, 0.8, 0.785, 0.76, 0.815, 0.79, 0.81, 0.79, 0.76, 0.755, 0.8, 0.8, 0.815, 0.825, 0.82, 0.805, 0.8, 0.805, 0.79, 0.88, 0.81, 0.85, 0.86, 0.85, 0.86, 0.875, 0.86, 0.885, 0.855, 0.895, 0.9]"
0.05,20,0,gaussiano,0,1,100,random,"(0,)","(100,)","(0,)","(100,)",-1,1,50,200,"[-1.         -0.95918367 -0.91836735 -0.87755102 -0.83673469 -0.79591837
 -0.75510204 -0.71428571 -0.67346939 -0.63265306 -0.59183673 -0.55102041
 -0.51020408 -0.46938776 -0.42857143 -0.3877551  -0.34693878 -0.30612245
 -0.26530612 -0.2244898  -0.18367347 -0.14285714 -0.10204082 -0.06122449
 -0.02040816  0.02040816  0.06122449  0.10204082  0.14285714  0.18367347
  0.2244898   0.26530612  0.30612245  0.34693878  0.3877551   0.42857143
  0.46938776  0.51020408  0.55102041  0.59183673  0.63265306  0.67346939
  0.71428571  0.75510204  0.79591837  0.83673469  0.87755102  0.91836735
  0.95918367  1.        ]","[0.845, 0.91, 0.91, 0.88, 0.88, 0.865, 0.905, 0.82, 0.825, 0.83, 0.845, 0.845, 0.865, 0.835, 0.8, 0.775, 0.84, 0.815, 0.785, 0.805, 0.825, 0.82, 0.805, 0.8, 0.8, 0.8, 0.835, 0.79, 0.79, 0.81, 0.82, 0.785, 0.82, 0.82, 0.79, 0.82, 0.83, 0.855, 0.82, 0.865, 0.885, 0.83, 0.885, 0.815, 0.845, 0.86, 0.86, 0.91, 0.905, 0.905]"
0.05,20,0,esferico,0,1,10,random,"(0,)","(100,)","(0,)","(100,)",-1,1,50,200,"[-1.         -0.95918367 -0.91836735 -0.87755102 -0.83673469 -0.79591837
 -0.75510204 -0.71428571 -0.67346939 -0.63265306 -0.59183673 -0.55102041
 -0.51020408 -0.46938776 -0.42857143 -0.3877551  -0.34693878 -0.30612245
 -0.26530612 -0.2244898  -0.18367347 -0.14285714 -0.10204082 -0.06122449
 -0.02040816  0.02040816  0.06122449  0.10204082  0.14285714  0.18367347
  0.2244898   0.26530612  0.30612245  0.34693878  0.3877551   0.42857143
  0.46938776  0.51020408  0.55102041  0.59183673  0.63265306  0.67346939
  0.71428571  0.75510204  0.79591837  0.83673469  0.87755102  0.91836735
  0.95918367  1.        ]","[1.0, 0.97, 0.955, 0.93, 0.905, 0.945, 0.87, 0.87, 0.785, 0.775, 0.715, 0.65, 0.6, 0.54, 0.47, 0.385, 0.285, 0.26, 0.225, 0.16, 0.135, 0.13, 0.065, 0.065, 0.055, 0.075, 0.065, 0.055, 0.105, 0.155, 0.15, 0.245, 0.29, 0.31, 0.41, 0.48, 0.475, 0.6, 0.655, 0.665, 0.745, 0.735, 0.85, 0.875, 0.905, 0.89, 0.95, 0.97, 0.99, 0.99]"
0.05,20,0,esferico,0,1,20,random,"(0,)","(100,)","(0,)","(100,)",-1,1,50,200,"[-1.         -0.95918367 -0.91836735 -0.87755102 -0.83673469 -0.79591837
 -0.75510204 -0.71428571 -0.67346939 -0.63265306 -0.59183673 -0.55102041
 -0.51020408 -0.46938776 -0.42857143 -0.3877551  -0.34693878 -0.30612245
 -0.26530612 -0.2244898  -0.18367347 -0.14285714 -0.10204082 -0.06122449
 -0.02040816  0.02040816  0.06122449  0.10204082  0.14285714  0.18367347
  0.2244898   0.26530612  0.30612245  0.34693878  0.3877551   0.42857143
  0.46938776  0.51020408  0.55102041  0.59183673  0.63265306  0.67346939
  0.71428571  0.75510204  0.79591837  0.83673469  0.87755102  0.91836735
  0.95918367  1.        ]","[0.99, 0.93, 0.955, 0.94, 0.905, 0.89, 0.845, 0.84, 0.765, 0.725, 0.695, 0.59, 0.58, 0.505, 0.45, 0.4, 0.295, 0.285, 0.225, 0.18, 0.175, 0.155, 0.095, 0.11, 0.095, 0.1, 0.1, 0.11, 0.12, 0.135, 0.225, 0.24, 0.305, 0.335, 0.37, 0.475, 0.495, 0.55, 0.66, 0.735, 0.645, 0.775, 0.79, 0.89, 0.91, 0.945, 0.935, 0.96, 0.985, 0.965]"
0.05,20,0,esferico,0,1,30,random,"(0,)","(100,)","(0,)","(100,)",-1,1,50,200,"[-1.         -0.95918367 -0.91836735 -0.87755102 -0.83673469 -0.79591837
 -0.75510204 -0.71428571 -0.67346939 -0.63265306 -0.59183673 -0.55102041
 -0.51020408 -0.46938776 -0.42857143 -0.3877551  -0.34693878 -0.30612245
 -0.26530612 -0.2244898  -0.18367347 -0.14285714 -0.10204082 -0.06122449
 -0.02040816  0.02040816  0.06122449  0.10204082  0.14285714  0.18367347
  0.2244898   0.26530612  0.30612245  0.34693878  0.3877551   0.42857143
  0.46938776  0.51020408  0.55102041  0.59183673  0.63265306  0.67346939
  0.71428571  0.75510204  0.79591837  0.83673469  0.87755102  0.91836735
  0.95918367  1.        ]","[0.94, 0.935, 0.915, 0.89, 0.875, 0.89, 0.825, 0.79, 0.78, 0.71, 0.675, 0.63, 0.55, 0.54, 0.43, 0.45, 0.39, 0.41, 0.295, 0.3, 0.27, 0.205, 0.215, 0.14, 0.165, 0.185, 0.18, 0.25, 0.19, 0.21, 0.245, 0.34, 0.355, 0.345, 0.51, 0.54, 0.52, 0.645, 0.66, 0.715, 0.725, 0.785, 0.82, 0.825, 0.85, 0.865, 0.95, 0.96, 0.925, 0.965]"
0.05,20,0,esferico,0,1,40,random,"(0,)","(100,)","(0,)","(100,)",-1,1,50,200,"[-1.         -0.95918367 -0.91836735 -0.87755102 -0.83673469 -0.79591837
 -0.75510204 -0.71428571 -0.67346939 -0.63265306 -0.59183673 -0.55102041
 -0.51020408 -0.46938776 -0.42857143 -0.3877551  -0.34693878 -0.30612245
 -0.26530612 -0.2244898  -0.18367347 -0.14285714 -0.10204082 -0.06122449
 -0.02040816  0.02040816  0.06122449  0.10204082  0.14285714  0.18367347
  0.2244898   0.26530612  0.30612245  0.34693878  0.3877551   0.42857143
  0.46938776  0.51020408  0.55102041  0.59183673  0.63265306  0.67346939
  0.71428571  0.75510204  0.79591837  0.83673469  0.87755102  0.91836735
  0.95918367  1.        ]","[0.94, 0.94, 0.895, 0.885, 0.87, 0.81, 0.795, 0.76, 0.715, 0.7, 0.695, 0.6, 0.54, 0.5, 0.54, 0.495, 0.46, 0.375, 0.31, 0.3, 0.29, 0.28, 0.225, 0.185, 0.22, 0.265, 0.235, 0.175, 0.21, 0.315, 0.285, 0.325, 0.39, 0.34, 0.45, 0.52, 0.525, 0.585, 0.67, 0.67, 0.72, 0.77, 0.82, 0.83, 0.8, 0.86, 0.9, 0.885, 0.94, 0.92]"
0.05,20,0,esferico,0,1,50,random,"(0,)","(100,)","(0,)","(100,)",-1,1,50,200,"[-1.         -0.95918367 -0.91836735 -0.87755102 -0.83673469 -0.79591837
 -0.75510204 -0.71428571 -0.67346939 -0.63265306 -0.59183673 -0.55102041
 -0.51020408 -0.46938776 -0.42857143 -0.3877551  -0.34693878 -0.30612245
 -0.26530612 -0.2244898  -0.18367347 -0.14285714 -0.10204082 -0.06122449
 -0.02040816  0.02040816  0.06122449  0.10204082  0.14285714  0.18367347
  0.2244898   0.26530612  0.30612245  0.34693878  0.3877551   0.42857143
  0.46938776  0.51020408  0.55102041  0.59183673  0.63265306  0.67346939
  0.71428571  0.75510204  0.79591837  0.83673469  0.87755102  0.91836735
  0.95918367  1.        ]","[0.905, 0.925, 0.865, 0.885, 0.785, 0.775, 0.755, 0.715, 0.725, 0.675, 0.625, 0.62, 0.635, 0.505, 0.465, 0.53, 0.52, 0.45, 0.4, 0.37, 0.305, 0.335, 0.35, 0.27, 0.285, 0.3, 0.295, 0.33, 0.31, 0.285, 0.34, 0.39, 0.445, 0.465, 0.465, 0.44, 0.585, 0.53, 0.69, 0.68, 0.66, 0.71, 0.795, 0.77, 0.815, 0.86, 0.8, 0.875, 0.895, 0.945]"
0.05,20,0,esferico,0,1,60,random,"(0,)","(100,)","(0,)","(100,)",-1,1,50,200,"[-1.         -0.95918367 -0.91836735 -0.87755102 -0.83673469 -0.79591837
 -0.75510204 -0.71428571 -0.67346939 -0.63265306 -0.59183673 -0.55102041
 -0.51020408 -0.46938776 -0.42857143 -0.3877551  -0.34693878 -0.30612245
 -0.26530612 -0.2244898  -0.18367347 -0.14285714 -0.10204082 -0.06122449
 -0.02040816  0.02040816  0.06122449  0.10204082  0.14285714  0.18367347
  0.2244898   0.26530612  0.30612245  0.34693878  0.3877551   0.42857143
  0.46938776  0.51020408  0.55102041  0.59183673  0.63265306  0.67346939
  0.71428571  0.75510204  0.79591837  0.83673469  0.87755102  0.91836735
  0.95918367  1.        ]","[0.905, 0.905, 0.805, 0.89, 0.84, 0.805, 0.82, 0.775, 0.65, 0.725, 0.655, 0.655, 0.615, 0.55, 0.515, 0.51, 0.495, 0.465, 0.435, 0.46, 0.45, 0.405, 0.385, 0.425, 0.38, 0.39, 0.365, 0.325, 0.35, 0.42, 0.425, 0.42, 0.495, 0.46, 0.48, 0.51, 0.565, 0.625, 0.585, 0.64, 0.665, 0.72, 0.765, 0.715, 0.75, 0.855, 0.845, 0.905, 0.88, 0.925]"
0.05,20,0,esferico,0,1,70,random,"(0,)","(100,)","(0,)","(100,)",-1,1,50,200,"[-1.         -0.95918367 -0.91836735 -0.87755102 -0.83673469 -0.79591837
 -0.75510204 -0.71428571 -0.67346939 -0.63265306 -0.59183673 -0.55102041
 -0.51020408 -0.46938776 -0.42857143 -0.3877551  -0.34693878 -0.30612245
 -0.26530612 -0.2244898  -0.18367347 -0.14285714 -0.10204082 -0.06122449
 -0.02040816  0.02040816  0.06122449  0.10204082  0.14285714  0.18367347
  0.2244898   0.26530612  0.30612245  0.34693878  0.3877551   0.42857143
  0.46938776  0.51020408  0.55102041  0.59183673  0.63265306  0.67346939
  0.71428571  0.75510204  0.79591837  0.83673469  0.87755102  0.91836735
  0.95918367  1.        ]","[0.87, 0.89, 0.905, 0.83, 0.82, 0.78, 0.76, 0.755, 0.7, 0.695, 0.66, 0.62, 0.61, 0.61, 0.495, 0.585, 0.48, 0.535, 0.54, 0.45, 0.45, 0.4, 0.37, 0.495, 0.515, 0.38, 0.455, 0.475, 0.46, 0.47, 0.485, 0.485, 0.525, 0.515, 0.625, 0.57, 0.59, 0.66, 0.65, 0.685, 0.695, 0.765, 0.765, 0.765, 0.79, 0.83, 0.77, 0.855, 0.865, 0.935]"
0.05,20,0,esferico,0,1,80,random,"(0,)","(100,)","(0,)","(100,)",-1,1,50,200,"[-1.         -0.95918367 -0.91836735 -0.87755102 -0.83673469 -0.79591837
 -0.75510204 -0.71428571 -0.67346939 -0.63265306 -0.59183673 -0.55102041
 -0.51020408 -0.46938776 -0.42857143 -0.3877551  -0.34693878 -0.30612245
 -0.26530612 -0.2244898  -0.18367347 -0.14285714 -0.10204082 -0.06122449
 -0.02040816  0.02040816  0.06122449  0.10204082  0.14285714  0.18367347
  0.2244898   0.26530612  0.30612245  0.34693878  0.3877551   0.42857143
  0.46938776  0.51020408  0.55102041  0.59183673  0.63265306  0.67346939
  0.71428571  0.75510204  0.79591837  0.83673469  0.87755102  0.91836735
  0.95918367  1.        ]","[0.9, 0.855, 0.86, 0.85, 0.795, 0.81, 0.78, 0.785, 0.74, 0.665, 0.675, 0.685, 0.675, 0.675, 0.57, 0.63, 0.575, 0.52, 0.565, 0.49, 0.5, 0.525, 0.465, 0.465, 0.495, 0.4, 0.545, 0.435, 0.515, 0.5, 0.5, 0.575, 0.605, 0.485, 0.625, 0.61, 0.625, 0.59, 0.63, 0.66, 0.67, 0.725, 0.765, 0.735, 0.8, 0.785, 0.84, 0.81, 0.875, 0.845]"
0.05,20,0,esferico,0,1,90,random,"(0,)","(100,)","(0,)","(100,)",-1,1,50,200,"[-1.         -0.95918367 -0.91836735 -0.87755102 -0.83673469 -0.79591837
 -0.75510204 -0.71428571 -0.67346939 -0.63265306 -0.59183673 -0.55102041
 -0.51020408 -0.46938776 -0.42857143 -0.3877551  -0.34693878 -0.30612245
 -0.26530612 -0.2244898  -0.18367347 -0.14285714 -0.10204082 -0.06122449
 -0.02040816  0.02040816  0.06122449  0.10204082  0.14285714  0.18367347
  0.2244898   0.26530612  0.30612245  0.34693878  0.3877551   0.42857143
  0.46938776  0.51020408  0.55102041  0.59183673  0.63265306  0.67346939
  0.71428571  0.75510204  0.79591837  0.83673469  0.87755102  0.91836735
  0.95918367  1.        ]","[0.85, 0.85, 0.82, 0.825, 0.78, 0.79, 0.79, 0.75, 0.74, 0.725, 0.705, 0.685, 0.705, 0.675, 0.575, 0.605, 0.54, 0.515, 0.495, 0.485, 0.555, 0.505, 0.53, 0.54, 0.475, 0.585, 0.5, 0.48, 0.53, 0.49, 0.48, 0.545, 0.59, 0.58, 0.57, 0.6, 0.605, 0.65, 0.67, 0.675, 0.71, 0.675, 0.73, 0.765, 0.82, 0.805, 0.795, 0.84, 0.885, 0.85]"
0.05,20,0,esferico,0,1,100,random,"(0,)","(100,)","(0,)","(100,)",-1,1,50,200,"[-1.         -0.95918367 -0.91836735 -0.87755102 -0.83673469 -0.79591837
 -0.75510204 -0.71428571 -0.67346939 -0.63265306 -0.59183673 -0.55102041
 -0.51020408 -0.46938776 -0.42857143 -0.3877551  -0.34693878 -0.30612245
 -0.26530612 -0.2244898  -0.18367347 -0.14285714 -0.10204082 -0.06122449
 -0.02040816  0.02040816  0.06122449  0.10204082  0.14285714  0.18367347
  0.2244898   0.26530612  0.30612245  0.34693878  0.3877551   0.42857143
  0.46938776  0.51020408  0.55102041  0.59183673  0.63265306  0.67346939
  0.71428571  0.75510204  0.79591837  0.83673469  0.87755102  0.91836735
  0.95918367  1.        ]","[0.88, 0.87, 0.815, 0.805, 0.82, 0.79, 0.755, 0.74, 0.735, 0.69, 0.72, 0.71, 0.67, 0.63, 0.665, 0.595, 0.62, 0.615, 0.58, 0.54, 0.54, 0.6, 0.59, 0.55, 0.565, 0.525, 0.58, 0.57, 0.5, 0.53, 0.625, 0.58, 0.6, 0.63, 0.625, 0.6, 0.65, 0.665, 0.715, 0.7, 0.735, 0.79, 0.74, 0.78, 0.785, 0.835, 0.845, 0.85, 0.83, 0.835]"
0.05,50,0,exponencial,0,1,10,random,"(0,)","(100,)","(0,)","(100,)",-1,1,50,200,"[-1.         -0.95918367 -0.91836735 -0.87755102 -0.83673469 -0.79591837
 -0.75510204 -0.71428571 -0.67346939 -0.63265306 -0.59183673 -0.55102041
 -0.51020408 -0.46938776 -0.42857143 -0.3877551  -0.34693878 -0.30612245
 -0.26530612 -0.2244898  -0.18367347 -0.14285714 -0.10204082 -0.06122449
 -0.02040816  0.02040816  0.06122449  0.10204082  0.14285714  0.18367347
  0.2244898   0.26530612  0.30612245  0.34693878  0.3877551   0.42857143
  0.46938776  0.51020408  0.55102041  0.59183673  0.63265306  0.67346939
  0.71428571  0.75510204  0.79591837  0.83673469  0.87755102  0.91836735
  0.95918367  1.        ]","[0.99, 0.995, 0.98, 0.99, 0.985, 0.955, 0.98, 0.945, 0.925, 0.895, 0.88, 0.845, 0.84, 0.77, 0.75, 0.7, 0.595, 0.57, 0.45, 0.44, 0.375, 0.345, 0.275, 0.295, 0.22, 0.28, 0.315, 0.29, 0.29, 0.445, 0.45, 0.51, 0.51, 0.62, 0.6, 0.76, 0.82, 0.845, 0.88, 0.905, 0.935, 0.91, 0.945, 0.975, 0.99, 0.985, 0.985, 0.995, 1.0, 1.0]"
0.05,50,0,exponencial,0,1,20,random,"(0,)","(100,)","(0,)","(100,)",-1,1,50,200,"[-1.         -0.95918367 -0.91836735 -0.87755102 -0.83673469 -0.79591837
 -0.75510204 -0.71428571 -0.67346939 -0.63265306 -0.59183673 -0.55102041
 -0.51020408 -0.46938776 -0.42857143 -0.3877551  -0.34693878 -0.30612245
 -0.26530612 -0.2244898  -0.18367347 -0.14285714 -0.10204082 -0.06122449
 -0.02040816  0.02040816  0.06122449  0.10204082  0.14285714  0.18367347
  0.2244898   0.26530612  0.30612245  0.34693878  0.3877551   0.42857143
  0.46938776  0.51020408  0.55102041  0.59183673  0.63265306  0.67346939
  0.71428571  0.75510204  0.79591837  0.83673469  0.87755102  0.91836735
  0.95918367  1.        ]","[0.965, 0.96, 0.965, 0.93, 0.905, 0.93, 0.885, 0.91, 0.84, 0.835, 0.815, 0.765, 0.745, 0.76, 0.715, 0.67, 0.71, 0.64, 0.615, 0.65, 0.545, 0.52, 0.52, 0.525, 0.57, 0.57, 0.565, 0.515, 0.53, 0.565, 0.61, 0.59, 0.59, 0.65, 0.66, 0.7, 0.74, 0.775, 0.795, 0.805, 0.83, 0.87, 0.855, 0.885, 0.95, 0.93, 0.955, 0.96, 0.93, 0.955]"
0.05,50,0,exponencial,0,1,30,random,"(0,)","(100,)","(0,)","(100,)",-1,1,50,200,"[-1.         -0.95918367 -0.91836735 -0.87755102 -0.83673469 -0.79591837
 -0.75510204 -0.71428571 -0.67346939 -0.63265306 -0.59183673 -0.55102041
 -0.51020408 -0.46938776 -0.42857143 -0.3877551  -0.34693878 -0.30612245
 -0.26530612 -0.2244898  -0.18367347 -0.14285714 -0.10204082 -0.06122449
 -0.02040816  0.02040816  0.06122449  0.10204082  0.14285714  0.18367347
  0.2244898   0.26530612  0.30612245  0.34693878  0.3877551   0.42857143
  0.46938776  0.51020408  0.55102041  0.59183673  0.63265306  0.67346939
  0.71428571  0.75510204  0.79591837  0.83673469  0.87755102  0.91836735
  0.95918367  1.        ]","[0.965, 0.935, 0.91, 0.875, 0.89, 0.885, 0.84, 0.86, 0.855, 0.8, 0.82, 0.77, 0.795, 0.745, 0.725, 0.805, 0.695, 0.7, 0.65, 0.655, 0.62, 0.615, 0.62, 0.635, 0.63, 0.625, 0.635, 0.63, 0.69, 0.635, 0.695, 0.64, 0.705, 0.63, 0.735, 0.745, 0.75, 0.765, 0.81, 0.785, 0.76, 0.79, 0.89, 0.92, 0.895, 0.875, 0.905, 0.89, 0.925, 0.935]"
0.05,50,0,exponencial,0,1,40,random,"(0,)","(100,)","(0,)","(100,)",-1,1,50,200,"[-1.         -0.95918367 -0.91836735 -0.87755102 -0.83673469 -0.79591837
 -0.75510204 -0.71428571 -0.67346939 -0.63265306 -0.59183673 -0.55102041
 -0.51020408 -0.46938776 -0.42857143 -0.3877551  -0.34693878 -0.30612245
 -0.26530612 -0.2244898  -0.18367347 -0.14285714 -0.10204082 -0.06122449
 -0.02040816  0.02040816  0.06122449  0.10204082  0.14285714  0.18367347
  0.2244898   0.26530612  0.30612245  0.34693878  0.3877551   0.42857143
  0.46938776  0.51020408  0.55102041  0.59183673  0.63265306  0.67346939
  0.71428571  0.75510204  0.79591837  0.83673469  0.87755102  0.91836735
  0.95918367  1.        ]","[0.92, 0.895, 0.905, 0.85, 0.905, 0.87, 0.88, 0.845, 0.83, 0.825, 0.81, 0.815, 0.765, 0.765, 0.74, 0.78, 0.74, 0.715, 0.74, 0.71, 0.69, 0.655, 0.67, 0.665, 0.69, 0.645, 0.73, 0.71, 0.65, 0.745, 0.73, 0.685, 0.74, 0.71, 0.725, 0.75, 0.82, 0.795, 0.785, 0.85, 0.815, 0.855, 0.88, 0.855, 0.875, 0.895, 0.895, 0.89, 0.94, 0.925]"
0.05,50,0,exponencial,0,1,50,random,"(0,)","(100,)","(0,)","(100,)",-1,1,50,200,"[-1.         -0.95918367 -0.91836735 -0.87755102 -0.83673469 -0.79591837
 -0.75510204 -0.71428571 -0.67346939 -0.63265306 -0.59183673 -0.55102041
 -0.51020408 -0.46938776 -0.42857143 -0.3877551  -0.34693878 -0.30612245
 -0.26530612 -0.2244898  -0.18367347 -0.14285714 -0.10204082 -0.06122449
 -0.02040816  0.02040816  0.06122449  0.10204082  0.14285714  0.18367347
  0.2244898   0.26530612  0.30612245  0.34693878  0.3877551   0.42857143
  0.46938776  0.51020408  0.55102041  0.59183673  0.63265306  0.67346939
  0.71428571  0.75510204  0.79591837  0.83673469  0.87755102  0.91836735
  0.95918367  1.        ]","[0.935, 0.86, 0.9, 0.91, 0.865, 0.915, 0.88, 0.885, 0.85, 0.835, 0.83, 0.82, 0.845, 0.79, 0.77, 0.775, 0.795, 0.78, 0.77, 0.78, 0.795, 0.725, 0.76, 0.74, 0.73, 0.72, 0.73, 0.76, 0.7, 0.8, 0.785, 0.745, 0.705, 0.765, 0.78, 0.835, 0.74, 0.805, 0.81, 0.875, 0.855, 0.835, 0.835, 0.86, 0.875, 0.915, 0.88, 0.88, 0.915, 0.91]"
0.05,50,0,exponencial,0,1,60,random,"(0,)","(100,)","(0,)","(100,)",-1,1,50,200,"[-1.         -0.95918367 -0.91836735 -0.87755102 -0.83673469 -0.79591837
 -0.75510204 -0.71428571 -0.67346939 -0.63265306 -0.59183673 -0.55102041
 -0.51020408 -0.46938776 -0.42857143 -0.3877551  -0.34693878 -0.30612245
 -0.26530612 -0.2244898  -0.18367347 -0.14285714 -0.10204082 -0.06122449
 -0.02040816  0.02040816  0.06122449  0.10204082  0.14285714  0.18367347
  0.2244898   0.26530612  0.30612245  0.34693878  0.3877551   0.42857143
  0.46938776  0.51020408  0.55102041  0.59183673  0.63265306  0.67346939
  0.71428571  0.75510204  0.79591837  0.83673469  0.87755102  0.91836735
  0.95918367  1.        ]","[0.91, 0.9, 0.9, 0.91, 0.865, 0.905, 0.845, 0.865, 0.85, 0.865, 0.8, 0.825, 0.805, 0.865, 0.745, 0.805, 0.825, 0.78, 0.785, 0.78, 0.83, 0.76, 0.74, 0.76, 0.695, 0.75, 0.74, 0.77, 0.805, 0.79, 0.805, 0.795, 0.775, 0.755, 0.81, 0.735, 0.74, 0.815, 0.845, 0.825, 0.84, 0.85, 0.835, 0.87, 0.855, 0.83, 0.885, 0.915, 0.91, 0.92]"
0.05,50,0,exponencial,0,1,70,random,"(0,)","(100,)","(0,)","(100,)",-1,1,50,200,"[-1.         -0.95918367 -0.91836735 -0.87755102 -0.83673469 -0.79591837
 -0.75510204 -0.71428571 -0.67346939 -0.63265306 -0.59183673 -0.55102041
 -0.51020408 -0.46938776 -0.42857143 -0.3877551  -0.34693878 -0.30612245
 -0.26530612 -0.2244898  -0.18367347 -0.14285714 -0.10204082 -0.06122449
 -0.02040816  0.02040816  0.06122449  0.10204082  0.14285714  0.18367347
  0.2244898   0.26530612  0.30612245  0.34693878  0.3877551   0.42857143
  0.46938776  0.51020408  0.55102041  0.59183673  0.63265306  0.67346939
  0.71428571  0.75510204  0.79591837  0.83673469  0.87755102  0.91836735
  0.95918367  1.        ]","[0.865, 0.91, 0.875, 0.89, 0.895, 0.88, 0.88, 0.865, 0.88, 0.79, 0.84, 0.785, 0.82, 0.83, 0.855, 0.82, 0.835, 0.865, 0.825, 0.79, 0.79, 0.785, 0.815, 0.805, 0.765, 0.795, 0.755, 0.79, 0.805, 0.775, 0.8, 0.81, 0.825, 0.805, 0.865, 0.835, 0.89, 0.86, 0.845, 0.88, 0.815, 0.875, 0.88, 0.89, 0.88, 0.915, 0.925, 0.905, 0.895, 0.9]"
0.05,50,0,exponencial,0,1,80,random,"(0,)","(100,)","(0,)","(100,)",-1,1,50,200,"[-1.         -0.95918367 -0.91836735 -0.87755102 -0.83673469 -0.79591837
 -0.75510204 -0.71428571 -0.67346939 -0.63265306 -0.59183673 -0.55102041
 -0.51020408 -0.46938776 -0.42857143 -0.3877551  -0.34693878 -0.30612245
 -0.26530612 -0.2244898  -0.18367347 -0.14285714 -0.10204082 -0.06122449
 -0.02040816  0.02040816  0.06122449  0.10204082  0.14285714  0.18367347
  0.2244898   0.26530612  0.30612245  0.34693878  0.3877551   0.42857143
  0.46938776  0.51020408  0.55102041  0.59183673  0.63265306  0.67346939
  0.71428571  0.75510204  0.79591837  0.83673469  0.87755102  0.91836735
  0.95918367  1.        ]","[0.88, 0.935, 0.925, 0.92, 0.9, 0.86, 0.88, 0.88, 0.835, 0.88, 0.87, 0.83, 0.855, 0.845, 0.825, 0.815, 0.795, 0.87, 0.89, 0.78, 0.84, 0.81, 0.785, 0.8, 0.805, 0.805, 0.805, 0.83, 0.835, 0.8, 0.795, 0.815, 0.8, 0.79, 0.825, 0.88, 0.835, 0.83, 0.87, 0.85, 0.885, 0.905, 0.89, 0.89, 0.8, 0.89, 0.925, 0.91, 0.905, 0.915]"
0.05,50,0,exponencial,0,1,90,random,"(0,)","(100,)","(0,)","(100,)",-1,1,50,200,"[-1.         -0.95918367 -0.91836735 -0.87755102 -0.83673469 -0.79591837
 -0.75510204 -0.71428571 -0.67346939 -0.63265306 -0.59183673 -0.55102041
 -0.51020408 -0.46938776 -0.42857143 -0.3877551  -0.34693878 -0.30612245
 -0.26530612 -0.2244898  -0.18367347 -0.14285714 -0.10204082 -0.06122449
 -0.02040816  0.02040816  0.06122449  0.10204082  0.14285714  0.18367347
  0.2244898   0.26530612  0.30612245  0.34693878  0.3877551   0.42857143
  0.46938776  0.51020408  0.55102041  0.59183673  0.63265306  0.67346939
  0.71428571  0.75510204  0.79591837  0.83673469  0.87755102  0.91836735
  0.95918367  1.        ]","[0.92, 0.86, 0.91, 0.925, 0.93, 0.885, 0.93, 0.84, 0.84, 0.855, 0.865, 0.87, 0.89, 0.815, 0.855, 0.815, 0.845, 0.81, 0.81, 0.81, 0.795, 0.84, 0.825, 0.77, 0.79, 0.79, 0.775, 0.795, 0.815, 0.795, 0.8, 0.84, 0.83, 0.775, 0.81, 0.86, 0.89, 0.905, 0.9, 0.88, 0.795, 0.9, 0.89, 0.875, 0.895, 0.92, 0.935, 0.88, 0.925, 0.925]"
0.05,50,0,exponencial,0,1,100,random,"(0,)","(100,)","(0,)","(100,)",-1,1,50,200,"[-1.         -0.95918367 -0.91836735 -0.87755102 -0.83673469 -0.79591837
 -0.75510204 -0.71428571 -0.67346939 -0.63265306 -0.59183673 -0.55102041
 -0.51020408 -0.46938776 -0.42857143 -0.3877551  -0.34693878 -0.30612245
 -0.26530612 -0.2244898  -0.18367347 -0.14285714 -0.10204082 -0.06122449
 -0.02040816  0.02040816  0.06122449  0.10204082  0.14285714  0.18367347
  0.2244898   0.26530612  0.30612245  0.34693878  0.3877551   0.42857143
  0.46938776  0.51020408  0.55102041  0.59183673  0.63265306  0.67346939
  0.71428571  0.75510204  0.79591837  0.83673469  0.87755102  0.91836735
  0.95918367  1.        ]","[0.935, 0.935, 0.9, 0.895, 0.905, 0.875, 0.89, 0.88, 0.86, 0.875, 0.84, 0.91, 0.865, 0.865, 0.865, 0.865, 0.805, 0.885, 0.89, 0.835, 0.8, 0.83, 0.825, 0.83, 0.87, 0.835, 0.8, 0.8, 0.835, 0.85, 0.86, 0.86, 0.825, 0.845, 0.835, 0.83, 0.84, 0.83, 0.88, 0.885, 0.85, 0.86, 0.86, 0.885, 0.905, 0.92, 0.905, 0.94, 0.915, 0.94]"
0.05,50,0,gaussiano,0,1,10,random,"(0,)","(100,)","(0,)","(100,)",-1,1,50,200,"[-1.         -0.95918367 -0.91836735 -0.87755102 -0.83673469 -0.79591837
 -0.75510204 -0.71428571 -0.67346939 -0.63265306 -0.59183673 -0.55102041
 -0.51020408 -0.46938776 -0.42857143 -0.3877551  -0.34693878 -0.30612245
 -0.26530612 -0.2244898  -0.18367347 -0.14285714 -0.10204082 -0.06122449
 -0.02040816  0.02040816  0.06122449  0.10204082  0.14285714  0.18367347
  0.2244898   0.26530612  0.30612245  0.34693878  0.3877551   0.42857143
  0.46938776  0.51020408  0.55102041  0.59183673  0.63265306  0.67346939
  0.71428571  0.75510204  0.79591837  0.83673469  0.87755102  0.91836735
  0.95918367  1.        ]","[1.0, 1.0, 1.0, 0.995, 0.995, 1.0, 0.98, 0.98, 0.945, 0.97, 0.945, 0.925, 0.845, 0.805, 0.745, 0.65, 0.63, 0.54, 0.465, 0.545, 0.345, 0.31, 0.25, 0.225, 0.18, 0.18, 0.23, 0.32, 0.3, 0.32, 0.45, 0.48, 0.635, 0.655, 0.685, 0.765, 0.765, 0.84, 0.925, 0.95, 0.965, 0.965, 0.97, 0.99, 0.985, 0.995, 1.0, 1.0, 1.0, 1.0]"
0.05,50,0,gaussiano,0,1,20,random,"(0,)","(100,)","(0,)","(100,)",-1,1,50,200,"[-1.         -0.95918367 -0.91836735 -0.87755102 -0.83673469 -0.79591837
 -0.75510204 -0.71428571 -0.67346939 -0.63265306 -0.59183673 -0.55102041
 -0.51020408 -0.46938776 -0.42857143 -0.3877551  -0.34693878 -0.30612245
 -0.26530612 -0.2244898  -0.18367347 -0.14285714 -0.10204082 -0.06122449
 -0.02040816  0.02040816  0.06122449  0.10204082  0.14285714  0.18367347
  0.2244898   0.26530612  0.30612245  0.34693878  0.3877551   0.42857143
  0.46938776  0.51020408  0.55102041  0.59183673  0.63265306  0.67346939
  0.71428571  0.75510204  0.79591837  0.83673469  0.87755102  0.91836735
  0.95918367  1.        ]","[0.98, 0.98, 0.975, 0.96, 0.96, 0.935, 0.925, 0.88, 0.87, 0.855, 0.805, 0.84, 0.75, 0.755, 0.715, 0.705, 0.68, 0.655, 0.555, 0.545, 0.545, 0.45, 0.48, 0.46, 0.365, 0.46, 0.495, 0.475, 0.45, 0.48, 0.535, 0.59, 0.61, 0.6, 0.63, 0.705, 0.79, 0.76, 0.83, 0.86, 0.84, 0.885, 0.925, 0.9, 0.95, 0.905, 0.96, 0.985, 0.98, 0.99]"
0.05,50,0,gaussiano,0,1,30,random,"(0,)","(100,)","(0,)","(100,)",-1,1,50,200,"[-1.         -0.95918367 -0.91836735 -0.87755102 -0.83673469 -0.79591837
 -0.75510204 -0.71428571 -0.67346939 -0.63265306 -0.59183673 -0.55102041
 -0.51020408 -0.46938776 -0.42857143 -0.3877551  -0.34693878 -0.30612245
 -0.26530612 -0.2244898  -0.18367347 -0.14285714 -0.10204082 -0.06122449
 -0.02040816  0.02040816  0.06122449  0.10204082  0.14285714  0.18367347
  0.2244898   0.26530612  0.30612245  0.34693878  0.3877551   0.42857143
  0.46938776  0.51020408  0.55102041  0.59183673  0.63265306  0.67346939
  0.71428571  0.75510204  0.79591837  0.83673469  0.87755102  0.91836735
  0.95918367  1.        ]","[0.94, 0.955, 0.945, 0.92, 0.92, 0.885, 0.865, 0.855, 0.845, 0.82, 0.79, 0.77, 0.72, 0.755, 0.72, 0.66, 0.63, 0.66, 0.625, 0.605, 0.6, 0.605, 0.65, 0.575, 0.63, 0.56, 0.62, 0.575, 0.575, 0.63, 0.645, 0.65, 0.695, 0.635, 0.705, 0.735, 0.745, 0.725, 0.825, 0.815, 0.78, 0.8, 0.81, 0.875, 0.875, 0.92, 0.925, 0.935, 0.915, 0.95]"
0.05,50,0,gaussiano,0,1,40,random,"(0,)","(100,)","(0,)","(100,)",-1,1,50,200,"[-1.         -0.95918367 -0.91836735 -0.87755102 -0.83673469 -0.79591837
 -0.75510204 -0.71428571 -0.67346939 -0.63265306 -0.59183673 -0.55102041
 -0.51020408 -0.46938776 -0.42857143 -0.3877551  -0.34693878 -0.30612245
 -0.26530612 -0.2244898  -0.18367347 -0.14285714 -0.10204082 -0.06122449
 -0.02040816  0.02040816  0.06122449  0.10204082  0.14285714  0.18367347
  0.2244898   0.26530612  0.30612245  0.34693878  0.3877551   0.42857143
  0.46938776  0.51020408  0.55102041  0.59183673  0.63265306  0.67346939
  0.71428571  0.75510204  0.79591837  0.83673469  0.87755102  0.91836735
  0.95918367  1.        ]","[0.935, 0.89, 0.885, 0.9, 0.935, 0.86, 0.855, 0.88, 0.84, 0.835, 0.84, 0.77, 0.785, 0.815, 0.765, 0.775, 0.745, 0.71, 0.675, 0.72, 0.71, 0.685, 0.645, 0.725, 0.675, 0.665, 0.685, 0.65, 0.685, 0.645, 0.655, 0.72, 0.685, 0.72, 0.73, 0.77, 0.75, 0.765, 0.825, 0.83, 0.845, 0.82, 0.835, 0.9, 0.875, 0.91, 0.925, 0.895, 0.945, 0.96]"
0.05,50,0,gaussiano,0,1,50,random,"(0,)","(100,)","(0,)","(100,)",-1,1,50,200,"[-1.         -0.95918367 -0.91836735 -0.87755102 -0.83673469 -0.79591837
 -0.75510204 -0.71428571 -0.67346939 -0.63265306 -0.59183673 -0.55102041
 -0.51020408 -0.46938776 -0.42857143 -0.3877551  -0.34693878 -0.30612245
 -0.26530612 -0.2244898  -0.18367347 -0.14285714 -0.10204082 -0.06122449
 -0.02040816  0.02040816  0.06122449  0.10204082  0.14285714  0.18367347
  0.2244898   0.26530612  0.30612245  0.34693878  0.3877551   0.42857143
  0.46938776  0.51020408  0.55102041  0.59183673  0.63265306  0.67346939
  0.71428571  0.75510204  0.79591837  0.83673469  0.87755102  0.91836735
  0.95918367  1.        ]","[0.905, 0.905, 0.885, 0.915, 0.895, 0.865, 0.86, 0.85, 0.875, 0.84, 0.855, 0.845, 0.865, 0.83, 0.805, 0.78, 0.785, 0.76, 0.815, 0.745, 0.76, 0.755, 0.77, 0.76, 0.74, 0.745, 0.75, 0.725, 0.75, 0.81, 0.79, 0.785, 0.795, 0.77, 0.76, 0.715, 0.815, 0.805, 0.815, 0.795, 0.79, 0.825, 0.88, 0.9, 0.86, 0.875, 0.895, 0.945, 0.885, 0.925]"
0.05,50,0,gaussiano,0,1,60,random,"(0,)","(100,)","(0,)","(100,)",-1,1,50,200,"[-1.         -0.95918367 -0.91836735 -0.87755102 -0.83673469 -0.79591837
 -0.75510204 -0.71428571 -0.67346939 -0.63265306 -0.59183673 -0.55102041
 -0.51020408 -0.46938776 -0.42857143 -0.3877551  -0.34693878 -0.30612245
 -0.26530612 -0.2244898  -0.18367347 -0.14285714 -0.10204082 -0.06122449
 -0.02040816  0.02040816  0.06122449  0.10204082  0.14285714  0.18367347
  0.2244898   0.26530612  0.30612245  0.34693878  0.3877551   0.42857143
  0.46938776  0.51020408  0.55102041  0.59183673  0.63265306  0.67346939
  0.71428571  0.75510204  0.79591837  0.83673469  0.87755102  0.91836735
  0.95918367  1.        ]","[0.94, 0.92, 0.89, 0.92, 0.9, 0.87, 0.905, 0.885, 0.88, 0.855, 0.865, 0.84, 0.865, 0.835, 0.8, 0.8, 0.84, 0.79, 0.775, 0.815, 0.78, 0.835, 0.795, 0.785, 0.765, 0.825, 0.79, 0.825, 0.85, 0.79, 0.765, 0.82, 0.86, 0.845, 0.805, 0.82, 0.81, 0.84, 0.825, 0.83, 0.895, 0.855, 0.855, 0.915, 0.905, 0.895, 0.91, 0.9, 0.925, 0.875]"
0.05,50,0,gaussiano,0,1,70,random,"(0,)","(100,)","(0,)","(100,)",-1,1,50,200,"[-1.         -0.95918367 -0.91836735 -0.87755102 -0.83673469 -0.79591837
 -0.75510204 -0.71428571 -0.67346939 -0.63265306 -0.59183673 -0.55102041
 -0.51020408 -0.46938776 -0.42857143 -0.3877551  -0.34693878 -0.30612245
 -0.26530612 -0.2244898  -0.18367347 -0.14285714 -0.10204082 -0.06122449
 -0.02040816  0.02040816  0.06122449  0.10204082  0.14285714  0.18367347
  0.2244898   0.26530612  0.30612245  0.34693878  0.3877551   0.42857143
  0.46938776  0.51020408  0.55102041  0.59183673  0.63265306  0.67346939
  0.71428571  0.75510204  0.79591837  0.83673469  0.87755102  0.91836735
  0.95918367  1.        ]","[0.935, 0.94, 0.91, 0.92, 0.9, 0.855, 0.845, 0.89, 0.89, 0.895, 0.87, 0.84, 0.915, 0.88, 0.815, 0.88, 0.775, 0.855, 0.83, 0.795, 0.845, 0.88, 0.78, 0.83, 0.74, 0.855, 0.835, 0.815, 0.77, 0.795, 0.87, 0.83, 0.88, 0.86, 0.865, 0.865, 0.83, 0.845, 0.865, 0.845, 0.885, 0.84, 0.82, 0.88, 0.885, 0.845, 0.91, 0.945, 0.91, 0.92]"
0.05,50,0,gaussiano,0,1,80,random,"(0,)","(100,)","(0,)","(100,)",-1,1,50,200,"[-1.         -0.95918367 -0.91836735 -0.87755102 -0.83673469 -0.79591837
 -0.75510204 -0.71428571 -0.67346939 -0.63265306 -0.59183673 -0.55102041
 -0.51020408 -0.46938776 -0.42857143 -0.3877551  -0.34693878 -0.30612245
 -0.26530612 -0.2244898  -0.18367347 -0.14285714 -0.10204082 -0.06122449
 -0.02040816  0.02040816  0.06122449  0.10204082  0.14285714  0.18367347
  0.2244898   0.26530612  0.30612245  0.34693878  0.3877551   0.42857143
  0.46938776  0.51020408  0.55102041  0.59183673  0.63265306  0.67346939
  0.71428571  0.75510204  0.79591837  0.83673469  0.87755102  0.91836735
  0.95918367  1.        ]","[0.945, 0.925, 0.935, 0.94, 0.935, 0.915, 0.875, 0.895, 0.845, 0.9, 0.925, 0.895, 0.88, 0.88, 0.855, 0.87, 0.89, 0.845, 0.865, 0.82, 0.89, 0.885, 0.885, 0.82, 0.85, 0.845, 0.875, 0.88, 0.855, 0.825, 0.835, 0.84, 0.835, 0.88, 0.86, 0.92, 0.88, 0.895, 0.91, 0.845, 0.875, 0.905, 0.885, 0.905, 0.91, 0.92, 0.91, 0.935, 0.905, 0.92]"
0.05,50,0,gaussiano,0,1,90,random,"(0,)","(100,)","(0,)","(100,)",-1,1,50,200,"[-1.         -0.95918367 -0.91836735 -0.87755102 -0.83673469 -0.79591837
 -0.75510204 -0.71428571 -0.67346939 -0.63265306 -0.59183673 -0.55102041
 -0.51020408 -0.46938776 -0.42857143 -0.3877551  -0.34693878 -0.30612245
 -0.26530612 -0.2244898  -0.18367347 -0.14285714 -0.10204082 -0.06122449
 -0.02040816  0.02040816  0.06122449  0.10204082  0.14285714  0.18367347
  0.2244898   0.26530612  0.30612245  0.34693878  0.3877551   0.42857143
  0.46938776  0.51020408  0.55102041  0.59183673  0.63265306  0.67346939
  0.71428571  0.75510204  0.79591837  0.83673469  0.87755102  0.91836735
  0.95918367  1.        ]","[0.94, 0.915, 0.92, 0.905, 0.925, 0.93, 0.93, 0.915, 0.865, 0.915, 0.89, 0.89, 0.93, 0.835, 0.84, 0.865, 0.875, 0.82, 0.855, 0.895, 0.8, 0.88, 0.865, 0.86, 0.865, 0.88, 0.87, 0.87, 0.855, 0.88, 0.86, 0.885, 0.855, 0.87, 0.845, 0.905, 0.895, 0.86, 0.895, 0.9, 0.89, 0.885, 0.935, 0.905, 0.92, 0.91, 0.905, 0.935, 0.93, 0.915]"
0.05,50,0,gaussiano,0,1,100,random,"(0,)","(100,)","(0,)","(100,)",-1,1,50,200,"[-1.         -0.95918367 -0.91836735 -0.87755102 -0.83673469 -0.79591837
 -0.75510204 -0.71428571 -0.67346939 -0.63265306 -0.59183673 -0.55102041
 -0.51020408 -0.46938776 -0.42857143 -0.3877551  -0.34693878 -0.30612245
 -0.26530612 -0.2244898  -0.18367347 -0.14285714 -0.10204082 -0.06122449
 -0.02040816  0.02040816  0.06122449  0.10204082  0.14285714  0.18367347
  0.2244898   0.26530612  0.30612245  0.34693878  0.3877551   0.42857143
  0.46938776  0.51020408  0.55102041  0.59183673  0.63265306  0.67346939
  0.71428571  0.75510204  0.79591837  0.83673469  0.87755102  0.91836735
  0.95918367  1.        ]","[0.94, 0.945, 0.94, 0.91, 0.935, 0.94, 0.925, 0.9, 0.89, 0.91, 0.92, 0.925, 0.905, 0.915, 0.87, 0.9, 0.885, 0.875, 0.92, 0.93, 0.9, 0.9, 0.87, 0.885, 0.875, 0.865, 0.825, 0.895, 0.845, 0.85, 0.915, 0.905, 0.9, 0.89, 0.87, 0.86, 0.87, 0.905, 0.905, 0.93, 0.895, 0.875, 0.935, 0.9, 0.89, 0.945, 0.94, 0.94, 0.95, 0.905]"
0.05,50,0,esferico,0,1,10,random,"(0,)","(100,)","(0,)","(100,)",-1,1,50,200,"[-1.         -0.95918367 -0.91836735 -0.87755102 -0.83673469 -0.79591837
 -0.75510204 -0.71428571 -0.67346939 -0.63265306 -0.59183673 -0.55102041
 -0.51020408 -0.46938776 -0.42857143 -0.3877551  -0.34693878 -0.30612245
 -0.26530612 -0.2244898  -0.18367347 -0.14285714 -0.10204082 -0.06122449
 -0.02040816  0.02040816  0.06122449  0.10204082  0.14285714  0.18367347
  0.2244898   0.26530612  0.30612245  0.34693878  0.3877551   0.42857143
  0.46938776  0.51020408  0.55102041  0.59183673  0.63265306  0.67346939
  0.71428571  0.75510204  0.79591837  0.83673469  0.87755102  0.91836735
  0.95918367  1.        ]","[1.0, 1.0, 1.0, 1.0, 1.0, 1.0, 0.995, 1.0, 1.0, 0.97, 0.975, 0.96, 0.94, 0.905, 0.86, 0.665, 0.73, 0.605, 0.485, 0.375, 0.325, 0.23, 0.17, 0.125, 0.06, 0.08, 0.09, 0.16, 0.24, 0.305, 0.38, 0.4, 0.555, 0.66, 0.75, 0.8, 0.815, 0.945, 0.93, 0.975, 0.99, 1.0, 1.0, 1.0, 0.995, 0.995, 1.0, 1.0, 1.0, 1.0]"
0.05,50,0,esferico,0,1,20,random,"(0,)","(100,)","(0,)","(100,)",-1,1,50,200,"[-1.         -0.95918367 -0.91836735 -0.87755102 -0.83673469 -0.79591837
 -0.75510204 -0.71428571 -0.67346939 -0.63265306 -0.59183673 -0.55102041
 -0.51020408 -0.46938776 -0.42857143 -0.3877551  -0.34693878 -0.30612245
 -0.26530612 -0.2244898  -0.18367347 -0.14285714 -0.10204082 -0.06122449
 -0.02040816  0.02040816  0.06122449  0.10204082  0.14285714  0.18367347
  0.2244898   0.26530612  0.30612245  0.34693878  0.3877551   0.42857143
  0.46938776  0.51020408  0.55102041  0.59183673  0.63265306  0.67346939
  0.71428571  0.75510204  0.79591837  0.83673469  0.87755102  0.91836735
  0.95918367  1.        ]","[1.0, 1.0, 1.0, 0.995, 0.99, 0.995, 0.99, 0.985, 0.96, 0.985, 0.9, 0.925, 0.795, 0.81, 0.77, 0.635, 0.61, 0.575, 0.495, 0.46, 0.315, 0.3, 0.225, 0.18, 0.155, 0.16, 0.195, 0.205, 0.295, 0.315, 0.4, 0.485, 0.56, 0.67, 0.705, 0.77, 0.85, 0.855, 0.92, 0.97, 0.945, 0.98, 0.98, 0.985, 1.0, 0.99, 0.995, 1.0, 1.0, 1.0]"
0.05,50,0,esferico,0,1,30,random,"(0,)","(100,)","(0,)","(100,)",-1,1,50,200,"[-1.         -0.95918367 -0.91836735 -0.87755102 -0.83673469 -0.79591837
 -0.75510204 -0.71428571 -0.67346939 -0.63265306 -0.59183673 -0.55102041
 -0.51020408 -0.46938776 -0.42857143 -0.3877551  -0.34693878 -0.30612245
 -0.26530612 -0.2244898  -0.18367347 -0.14285714 -0.10204082 -0.06122449
 -0.02040816  0.02040816  0.06122449  0.10204082  0.14285714  0.18367347
  0.2244898   0.26530612  0.30612245  0.34693878  0.3877551   0.42857143
  0.46938776  0.51020408  0.55102041  0.59183673  0.63265306  0.67346939
  0.71428571  0.75510204  0.79591837  0.83673469  0.87755102  0.91836735
  0.95918367  1.        ]","[1.0, 0.99, 0.995, 0.99, 0.975, 0.98, 0.965, 0.98, 0.915, 0.95, 0.895, 0.865, 0.845, 0.795, 0.725, 0.71, 0.64, 0.63, 0.545, 0.385, 0.365, 0.36, 0.285, 0.28, 0.25, 0.265, 0.275, 0.285, 0.33, 0.375, 0.5, 0.585, 0.55, 0.595, 0.68, 0.695, 0.745, 0.82, 0.895, 0.9, 0.955, 0.94, 0.93, 0.97, 0.985, 0.98, 0.99, 1.0, 0.995, 0.99]"
0.05,50,0,esferico,0,1,40,random,"(0,)","(100,)","(0,)","(100,)",-1,1,50,200,"[-1.         -0.95918367 -0.91836735 -0.87755102 -0.83673469 -0.79591837
 -0.75510204 -0.71428571 -0.67346939 -0.63265306 -0.59183673 -0.55102041
 -0.51020408 -0.46938776 -0.42857143 -0.3877551  -0.34693878 -0.30612245
 -0.26530612 -0.2244898  -0.18367347 -0.14285714 -0.10204082 -0.06122449
 -0.02040816  0.02040816  0.06122449  0.10204082  0.14285714  0.18367347
  0.2244898   0.26530612  0.30612245  0.34693878  0.3877551   0.42857143
  0.46938776  0.51020408  0.55102041  0.59183673  0.63265306  0.67346939
  0.71428571  0.75510204  0.79591837  0.83673469  0.87755102  0.91836735
  0.95918367  1.        ]","[0.99, 1.0, 0.98, 0.955, 0.98, 0.96, 0.94, 0.955, 0.89, 0.925, 0.85, 0.83, 0.825, 0.725, 0.655, 0.64, 0.59, 0.535, 0.505, 0.515, 0.485, 0.455, 0.36, 0.44, 0.33, 0.445, 0.435, 0.45, 0.45, 0.485, 0.545, 0.51, 0.59, 0.68, 0.7, 0.695, 0.81, 0.715, 0.81, 0.795, 0.85, 0.9, 0.9, 0.93, 0.96, 0.945, 0.945, 0.99, 0.995, 0.985]"
0.05,50,0,esferico,0,1,50,random,"(0,)","(100,)","(0,)","(100,)",-1,1,50,200,"[-1.         -0.95918367 -0.91836735 -0.87755102 -0.83673469 -0.79591837
 -0.75510204 -0.71428571 -0.67346939 -0.63265306 -0.59183673 -0.55102041
 -0.51020408 -0.46938776 -0.42857143 -0.3877551  -0.34693878 -0.30612245
 -0.26530612 -0.2244898  -0.18367347 -0.14285714 -0.10204082 -0.06122449
 -0.02040816  0.02040816  0.06122449  0.10204082  0.14285714  0.18367347
  0.2244898   0.26530612  0.30612245  0.34693878  0.3877551   0.42857143
  0.46938776  0.51020408  0.55102041  0.59183673  0.63265306  0.67346939
  0.71428571  0.75510204  0.79591837  0.83673469  0.87755102  0.91836735
  0.95918367  1.        ]","[0.98, 0.955, 0.97, 0.955, 0.94, 0.95, 0.895, 0.895, 0.895, 0.865, 0.825, 0.79, 0.74, 0.765, 0.695, 0.67, 0.715, 0.595, 0.53, 0.545, 0.555, 0.56, 0.45, 0.48, 0.515, 0.465, 0.42, 0.525, 0.5, 0.535, 0.52, 0.545, 0.64, 0.69, 0.65, 0.68, 0.745, 0.7, 0.78, 0.825, 0.89, 0.895, 0.87, 0.92, 0.92, 0.915, 0.98, 0.98, 0.96, 0.99]"
0.05,50,0,esferico,0,1,60,random,"(0,)","(100,)","(0,)","(100,)",-1,1,50,200,"[-1.         -0.95918367 -0.91836735 -0.87755102 -0.83673469 -0.79591837
 -0.75510204 -0.71428571 -0.67346939 -0.63265306 -0.59183673 -0.55102041
 -0.51020408 -0.46938776 -0.42857143 -0.3877551  -0.34693878 -0.30612245
 -0.26530612 -0.2244898  -0.18367347 -0.14285714 -0.10204082 -0.06122449
 -0.02040816  0.02040816  0.06122449  0.10204082  0.14285714  0.18367347
  0.2244898   0.26530612  0.30612245  0.34693878  0.3877551   0.42857143
  0.46938776  0.51020408  0.55102041  0.59183673  0.63265306  0.67346939
  0.71428571  0.75510204  0.79591837  0.83673469  0.87755102  0.91836735
  0.95918367  1.        ]","[0.97, 0.945, 0.935, 0.94, 0.95, 0.92, 0.89, 0.88, 0.86, 0.865, 0.8, 0.785, 0.805, 0.745, 0.69, 0.72, 0.72, 0.685, 0.65, 0.605, 0.605, 0.555, 0.525, 0.565, 0.575, 0.57, 0.6, 0.515, 0.545, 0.61, 0.6, 0.625, 0.635, 0.635, 0.805, 0.675, 0.8, 0.755, 0.77, 0.83, 0.85, 0.86, 0.845, 0.94, 0.895, 0.925, 0.97, 0.94, 0.915, 0.955]"
0.05,50,0,esferico,0,1,70,random,"(0,)","(100,)","(0,)","(100,)",-1,1,50,200,"[-1.         -0.95918367 -0.91836735 -0.87755102 -0.83673469 -0.79591837
 -0.75510204 -0.71428571 -0.67346939 -0.63265306 -0.59183673 -0.55102041
 -0.51020408 -0.46938776 -0.42857143 -0.3877551  -0.34693878 -0.30612245
 -0.26530612 -0.2244898  -0.18367347 -0.14285714 -0.10204082 -0.06122449
 -0.02040816  0.02040816  0.06122449  0.10204082  0.14285714  0.18367347
  0.2244898   0.26530612  0.30612245  0.34693878  0.3877551   0.42857143
  0.46938776  0.51020408  0.55102041  0.59183673  0.63265306  0.67346939
  0.71428571  0.75510204  0.79591837  0.83673469  0.87755102  0.91836735
  0.95918367  1.        ]","[0.975, 0.945, 0.92, 0.895, 0.89, 0.91, 0.865, 0.875, 0.855, 0.835, 0.805, 0.785, 0.775, 0.71, 0.68, 0.665, 0.695, 0.67, 0.62, 0.645, 0.63, 0.64, 0.54, 0.59, 0.59, 0.52, 0.65, 0.61, 0.56, 0.595, 0.605, 0.67, 0.71, 0.685, 0.725, 0.73, 0.755, 0.735, 0.8, 0.815, 0.86, 0.88, 0.85, 0.9, 0.88, 0.925, 0.935, 0.92, 0.91, 0.94]"
0.05,50,0,esferico,0,1,80,random,"(0,)","(100,)","(0,)","(100,)",-1,1,50,200,"[-1.         -0.95918367 -0.91836735 -0.87755102 -0.83673469 -0.79591837
 -0.75510204 -0.71428571 -0.67346939 -0.63265306 -0.59183673 -0.55102041
 -0.51020408 -0.46938776 -0.42857143 -0.3877551  -0.34693878 -0.30612245
 -0.26530612 -0.2244898  -0.18367347 -0.14285714 -0.10204082 -0.06122449
 -0.02040816  0.02040816  0.06122449  0.10204082  0.14285714  0.18367347
  0.2244898   0.26530612  0.30612245  0.34693878  0.3877551   0.42857143
  0.46938776  0.51020408  0.55102041  0.59183673  0.63265306  0.67346939
  0.71428571  0.75510204  0.79591837  0.83673469  0.87755102  0.91836735
  0.95918367  1.        ]","[0.955, 0.915, 0.93, 0.885, 0.905, 0.9, 0.865, 0.815, 0.84, 0.845, 0.79, 0.79, 0.795, 0.755, 0.76, 0.705, 0.73, 0.705, 0.715, 0.675, 0.66, 0.675, 0.62, 0.64, 0.585, 0.635, 0.665, 0.695, 0.64, 0.655, 0.685, 0.765, 0.725, 0.735, 0.795, 0.765, 0.745, 0.78, 0.805, 0.795, 0.79, 0.845, 0.825, 0.925, 0.895, 0.88, 0.91, 0.86, 0.91, 0.935]"
0.05,50,0,esferico,0,1,90,random,"(0,)","(100,)","(0,)","(100,)",-1,1,50,200,"[-1.         -0.95918367 -0.91836735 -0.87755102 -0.83673469 -0.79591837
 -0.75510204 -0.71428571 -0.67346939 -0.63265306 -0.59183673 -0.55102041
 -0.51020408 -0.46938776 -0.42857143 -0.3877551  -0.34693878 -0.30612245
 -0.26530612 -0.2244898  -0.18367347 -0.14285714 -0.10204082 -0.06122449
 -0.02040816  0.02040816  0.06122449  0.10204082  0.14285714  0.18367347
  0.2244898   0.26530612  0.30612245  0.34693878  0.3877551   0.42857143
  0.46938776  0.51020408  0.55102041  0.59183673  0.63265306  0.67346939
  0.71428571  0.75510204  0.79591837  0.83673469  0.87755102  0.91836735
  0.95918367  1.        ]","[0.945, 0.915, 0.88, 0.9, 0.88, 0.86, 0.86, 0.84, 0.795, 0.84, 0.79, 0.83, 0.78, 0.715, 0.735, 0.735, 0.765, 0.735, 0.71, 0.67, 0.72, 0.64, 0.68, 0.76, 0.69, 0.67, 0.72, 0.655, 0.66, 0.615, 0.725, 0.685, 0.715, 0.7, 0.745, 0.76, 0.815, 0.82, 0.775, 0.795, 0.83, 0.81, 0.855, 0.9, 0.895, 0.895, 0.89, 0.885, 0.94, 0.95]"
0.05,50,0,esferico,0,1,100,random,"(0,)","(100,)","(0,)","(100,)",-1,1,50,200,"[-1.         -0.95918367 -0.91836735 -0.87755102 -0.83673469 -0.79591837
 -0.75510204 -0.71428571 -0.67346939 -0.63265306 -0.59183673 -0.55102041
 -0.51020408 -0.46938776 -0.42857143 -0.3877551  -0.34693878 -0.30612245
 -0.26530612 -0.2244898  -0.18367347 -0.14285714 -0.10204082 -0.06122449
 -0.02040816  0.02040816  0.06122449  0.10204082  0.14285714  0.18367347
  0.2244898   0.26530612  0.30612245  0.34693878  0.3877551   0.42857143
  0.46938776  0.51020408  0.55102041  0.59183673  0.63265306  0.67346939
  0.71428571  0.75510204  0.79591837  0.83673469  0.87755102  0.91836735
  0.95918367  1.        ]","[0.95, 0.9, 0.88, 0.92, 0.9, 0.89, 0.875, 0.895, 0.835, 0.84, 0.845, 0.765, 0.82, 0.82, 0.825, 0.875, 0.745, 0.775, 0.715, 0.745, 0.71, 0.68, 0.695, 0.675, 0.735, 0.7, 0.73, 0.765, 0.685, 0.72, 0.735, 0.755, 0.79, 0.73, 0.73, 0.79, 0.785, 0.8, 0.8, 0.81, 0.805, 0.83, 0.865, 0.835, 0.885, 0.895, 0.9, 0.925, 0.895, 0.925]"
0.05,100,0,exponencial,0,1,10,random,"(0,)","(100,)","(0,)","(100,)",-1,1,50,200,"[-1.         -0.95918367 -0.91836735 -0.87755102 -0.83673469 -0.79591837
 -0.75510204 -0.71428571 -0.67346939 -0.63265306 -0.59183673 -0.55102041
 -0.51020408 -0.46938776 -0.42857143 -0.3877551  -0.34693878 -0.30612245
 -0.26530612 -0.2244898  -0.18367347 -0.14285714 -0.10204082 -0.06122449
 -0.02040816  0.02040816  0.06122449  0.10204082  0.14285714  0.18367347
  0.2244898   0.26530612  0.30612245  0.34693878  0.3877551   0.42857143
  0.46938776  0.51020408  0.55102041  0.59183673  0.63265306  0.67346939
  0.71428571  0.75510204  0.79591837  0.83673469  0.87755102  0.91836735
  0.95918367  1.        ]","[1.0, 1.0, 0.995, 1.0, 1.0, 0.995, 0.985, 0.98, 0.985, 0.97, 0.95, 0.895, 0.945, 0.905, 0.875, 0.81, 0.78, 0.69, 0.645, 0.645, 0.52, 0.485, 0.475, 0.43, 0.41, 0.375, 0.45, 0.43, 0.455, 0.545, 0.555, 0.655, 0.715, 0.74, 0.83, 0.855, 0.9, 0.895, 0.95, 0.96, 0.97, 0.985, 0.975, 0.985, 0.995, 1.0, 0.995, 0.995, 1.0, 1.0]"
0.05,100,0,exponencial,0,1,20,random,"(0,)","(100,)","(0,)","(100,)",-1,1,50,200,"[-1.         -0.95918367 -0.91836735 -0.87755102 -0.83673469 -0.79591837
 -0.75510204 -0.71428571 -0.67346939 -0.63265306 -0.59183673 -0.55102041
 -0.51020408 -0.46938776 -0.42857143 -0.3877551  -0.34693878 -0.30612245
 -0.26530612 -0.2244898  -0.18367347 -0.14285714 -0.10204082 -0.06122449
 -0.02040816  0.02040816  0.06122449  0.10204082  0.14285714  0.18367347
  0.2244898   0.26530612  0.30612245  0.34693878  0.3877551   0.42857143
  0.46938776  0.51020408  0.55102041  0.59183673  0.63265306  0.67346939
  0.71428571  0.75510204  0.79591837  0.83673469  0.87755102  0.91836735
  0.95918367  1.        ]","[0.98, 0.99, 0.97, 0.98, 0.95, 0.935, 0.92, 0.89, 0.91, 0.885, 0.895, 0.835, 0.865, 0.78, 0.795, 0.76, 0.77, 0.715, 0.73, 0.675, 0.655, 0.655, 0.675, 0.615, 0.635, 0.67, 0.65, 0.65, 0.68, 0.56, 0.715, 0.735, 0.705, 0.79, 0.77, 0.79, 0.825, 0.83, 0.865, 0.865, 0.87, 0.915, 0.93, 0.925, 0.96, 0.945, 0.96, 0.985, 0.99, 0.985]"
0.05,100,0,exponencial,0,1,30,random,"(0,)","(100,)","(0,)","(100,)",-1,1,50,200,"[-1.         -0.95918367 -0.91836735 -0.87755102 -0.83673469 -0.79591837
 -0.75510204 -0.71428571 -0.67346939 -0.63265306 -0.59183673 -0.55102041
 -0.51020408 -0.46938776 -0.42857143 -0.3877551  -0.34693878 -0.30612245
 -0.26530612 -0.2244898  -0.18367347 -0.14285714 -0.10204082 -0.06122449
 -0.02040816  0.02040816  0.06122449  0.10204082  0.14285714  0.18367347
  0.2244898   0.26530612  0.30612245  0.34693878  0.3877551   0.42857143
  0.46938776  0.51020408  0.55102041  0.59183673  0.63265306  0.67346939
  0.71428571  0.75510204  0.79591837  0.83673469  0.87755102  0.91836735
  0.95918367  1.        ]","[0.965, 0.955, 0.935, 0.94, 0.95, 0.905, 0.895, 0.875, 0.885, 0.855, 0.865, 0.835, 0.835, 0.78, 0.82, 0.825, 0.735, 0.74, 0.76, 0.73, 0.755, 0.735, 0.7, 0.695, 0.735, 0.725, 0.75, 0.795, 0.72, 0.75, 0.72, 0.75, 0.76, 0.8, 0.775, 0.855, 0.79, 0.845, 0.805, 0.875, 0.875, 0.87, 0.905, 0.885, 0.945, 0.925, 0.93, 0.945, 0.97, 0.975]"
0.05,100,0,exponencial,0,1,40,random,"(0,)","(100,)","(0,)","(100,)",-1,1,50,200,"[-1.         -0.95918367 -0.91836735 -0.87755102 -0.83673469 -0.79591837
 -0.75510204 -0.71428571 -0.67346939 -0.63265306 -0.59183673 -0.55102041
 -0.51020408 -0.46938776 -0.42857143 -0.3877551  -0.34693878 -0.30612245
 -0.26530612 -0.2244898  -0.18367347 -0.14285714 -0.10204082 -0.06122449
 -0.02040816  0.02040816  0.06122449  0.10204082  0.14285714  0.18367347
  0.2244898   0.26530612  0.30612245  0.34693878  0.3877551   0.42857143
  0.46938776  0.51020408  0.55102041  0.59183673  0.63265306  0.67346939
  0.71428571  0.75510204  0.79591837  0.83673469  0.87755102  0.91836735
  0.95918367  1.        ]","[0.97, 0.955, 0.92, 0.945, 0.86, 0.915, 0.92, 0.895, 0.895, 0.875, 0.875, 0.835, 0.87, 0.84, 0.86, 0.83, 0.815, 0.805, 0.825, 0.825, 0.735, 0.805, 0.795, 0.81, 0.825, 0.81, 0.805, 0.775, 0.8, 0.83, 0.775, 0.82, 0.83, 0.81, 0.805, 0.8, 0.855, 0.85, 0.87, 0.865, 0.86, 0.9, 0.875, 0.885, 0.91, 0.925, 0.95, 0.92, 0.95, 0.96]"
0.05,100,0,exponencial,0,1,50,random,"(0,)","(100,)","(0,)","(100,)",-1,1,50,200,"[-1.         -0.95918367 -0.91836735 -0.87755102 -0.83673469 -0.79591837
 -0.75510204 -0.71428571 -0.67346939 -0.63265306 -0.59183673 -0.55102041
 -0.51020408 -0.46938776 -0.42857143 -0.3877551  -0.34693878 -0.30612245
 -0.26530612 -0.2244898  -0.18367347 -0.14285714 -0.10204082 -0.06122449
 -0.02040816  0.02040816  0.06122449  0.10204082  0.14285714  0.18367347
  0.2244898   0.26530612  0.30612245  0.34693878  0.3877551   0.42857143
  0.46938776  0.51020408  0.55102041  0.59183673  0.63265306  0.67346939
  0.71428571  0.75510204  0.79591837  0.83673469  0.87755102  0.91836735
  0.95918367  1.        ]","[0.95, 0.945, 0.965, 0.95, 0.925, 0.905, 0.91, 0.885, 0.875, 0.91, 0.885, 0.865, 0.84, 0.88, 0.86, 0.85, 0.82, 0.825, 0.805, 0.83, 0.84, 0.815, 0.82, 0.81, 0.81, 0.85, 0.775, 0.8, 0.84, 0.81, 0.78, 0.855, 0.84, 0.815, 0.88, 0.875, 0.875, 0.84, 0.88, 0.825, 0.85, 0.89, 0.91, 0.875, 0.91, 0.925, 0.895, 0.935, 0.96, 0.915]"
0.05,100,0,exponencial,0,1,60,random,"(0,)","(100,)","(0,)","(100,)",-1,1,50,200,"[-1.         -0.95918367 -0.91836735 -0.87755102 -0.83673469 -0.79591837
 -0.75510204 -0.71428571 -0.67346939 -0.63265306 -0.59183673 -0.55102041
 -0.51020408 -0.46938776 -0.42857143 -0.3877551  -0.34693878 -0.30612245
 -0.26530612 -0.2244898  -0.18367347 -0.14285714 -0.10204082 -0.06122449
 -0.02040816  0.02040816  0.06122449  0.10204082  0.14285714  0.18367347
  0.2244898   0.26530612  0.30612245  0.34693878  0.3877551   0.42857143
  0.46938776  0.51020408  0.55102041  0.59183673  0.63265306  0.67346939
  0.71428571  0.75510204  0.79591837  0.83673469  0.87755102  0.91836735
  0.95918367  1.        ]","[0.955, 0.91, 0.915, 0.935, 0.95, 0.94, 0.905, 0.94, 0.89, 0.905, 0.855, 0.855, 0.87, 0.89, 0.85, 0.835, 0.87, 0.83, 0.775, 0.835, 0.85, 0.835, 0.825, 0.81, 0.79, 0.89, 0.83, 0.81, 0.89, 0.845, 0.875, 0.845, 0.84, 0.855, 0.85, 0.88, 0.88, 0.89, 0.9, 0.835, 0.905, 0.915, 0.95, 0.915, 0.865, 0.945, 0.915, 0.945, 0.955, 0.945]"
0.05,100,0,exponencial,0,1,70,random,"(0,)","(100,)","(0,)","(100,)",-1,1,50,200,"[-1.         -0.95918367 -0.91836735 -0.87755102 -0.83673469 -0.79591837
 -0.75510204 -0.71428571 -0.67346939 -0.63265306 -0.59183673 -0.55102041
 -0.51020408 -0.46938776 -0.42857143 -0.3877551  -0.34693878 -0.30612245
 -0.26530612 -0.2244898  -0.18367347 -0.14285714 -0.10204082 -0.06122449
 -0.02040816  0.02040816  0.06122449  0.10204082  0.14285714  0.18367347
  0.2244898   0.26530612  0.30612245  0.34693878  0.3877551   0.42857143
  0.46938776  0.51020408  0.55102041  0.59183673  0.63265306  0.67346939
  0.71428571  0.75510204  0.79591837  0.83673469  0.87755102  0.91836735
  0.95918367  1.        ]","[0.96, 0.96, 0.95, 0.93, 0.905, 0.89, 0.925, 0.95, 0.91, 0.88, 0.915, 0.89, 0.895, 0.83, 0.865, 0.865, 0.855, 0.895, 0.87, 0.85, 0.825, 0.87, 0.855, 0.865, 0.86, 0.855, 0.83, 0.83, 0.86, 0.875, 0.825, 0.88, 0.86, 0.85, 0.835, 0.89, 0.865, 0.9, 0.885, 0.89, 0.9, 0.915, 0.925, 0.905, 0.95, 0.925, 0.925, 0.955, 0.945, 0.945]"
0.05,100,0,exponencial,0,1,80,random,"(0,)","(100,)","(0,)","(100,)",-1,1,50,200,"[-1.         -0.95918367 -0.91836735 -0.87755102 -0.83673469 -0.79591837
 -0.75510204 -0.71428571 -0.67346939 -0.63265306 -0.59183673 -0.55102041
 -0.51020408 -0.46938776 -0.42857143 -0.3877551  -0.34693878 -0.30612245
 -0.26530612 -0.2244898  -0.18367347 -0.14285714 -0.10204082 -0.06122449
 -0.02040816  0.02040816  0.06122449  0.10204082  0.14285714  0.18367347
  0.2244898   0.26530612  0.30612245  0.34693878  0.3877551   0.42857143
  0.46938776  0.51020408  0.55102041  0.59183673  0.63265306  0.67346939
  0.71428571  0.75510204  0.79591837  0.83673469  0.87755102  0.91836735
  0.95918367  1.        ]","[0.95, 0.925, 0.97, 0.905, 0.94, 0.925, 0.92, 0.895, 0.875, 0.885, 0.915, 0.895, 0.915, 0.875, 0.855, 0.885, 0.845, 0.86, 0.915, 0.825, 0.86, 0.87, 0.875, 0.805, 0.875, 0.865, 0.86, 0.885, 0.875, 0.875, 0.875, 0.86, 0.88, 0.885, 0.89, 0.865, 0.87, 0.895, 0.905, 0.91, 0.91, 0.9, 0.92, 0.955, 0.925, 0.93, 0.955, 0.92, 0.945, 0.955]"
0.05,100,0,exponencial,0,1,90,random,"(0,)","(100,)","(0,)","(100,)",-1,1,50,200,"[-1.         -0.95918367 -0.91836735 -0.87755102 -0.83673469 -0.79591837
 -0.75510204 -0.71428571 -0.67346939 -0.63265306 -0.59183673 -0.55102041
 -0.51020408 -0.46938776 -0.42857143 -0.3877551  -0.34693878 -0.30612245
 -0.26530612 -0.2244898  -0.18367347 -0.14285714 -0.10204082 -0.06122449
 -0.02040816  0.02040816  0.06122449  0.10204082  0.14285714  0.18367347
  0.2244898   0.26530612  0.30612245  0.34693878  0.3877551   0.42857143
  0.46938776  0.51020408  0.55102041  0.59183673  0.63265306  0.67346939
  0.71428571  0.75510204  0.79591837  0.83673469  0.87755102  0.91836735
  0.95918367  1.        ]","[0.94, 0.96, 0.93, 0.94, 0.94, 0.925, 0.94, 0.915, 0.89, 0.895, 0.92, 0.885, 0.89, 0.86, 0.89, 0.895, 0.9, 0.905, 0.865, 0.895, 0.83, 0.855, 0.885, 0.9, 0.9, 0.88, 0.845, 0.85, 0.87, 0.895, 0.875, 0.885, 0.88, 0.89, 0.915, 0.89, 0.935, 0.885, 0.925, 0.87, 0.89, 0.915, 0.905, 0.905, 0.915, 0.935, 0.91, 0.94, 0.93, 0.945]"
0.05,100,0,exponencial,0,1,100,random,"(0,)","(100,)","(0,)","(100,)",-1,1,50,200,"[-1.         -0.95918367 -0.91836735 -0.87755102 -0.83673469 -0.79591837
 -0.75510204 -0.71428571 -0.67346939 -0.63265306 -0.59183673 -0.55102041
 -0.51020408 -0.46938776 -0.42857143 -0.3877551  -0.34693878 -0.30612245
 -0.26530612 -0.2244898  -0.18367347 -0.14285714 -0.10204082 -0.06122449
 -0.02040816  0.02040816  0.06122449  0.10204082  0.14285714  0.18367347
  0.2244898   0.26530612  0.30612245  0.34693878  0.3877551   0.42857143
  0.46938776  0.51020408  0.55102041  0.59183673  0.63265306  0.67346939
  0.71428571  0.75510204  0.79591837  0.83673469  0.87755102  0.91836735
  0.95918367  1.        ]","[0.945, 0.955, 0.97, 0.915, 0.935, 0.9, 0.9, 0.935, 0.945, 0.93, 0.91, 0.895, 0.92, 0.92, 0.91, 0.89, 0.875, 0.885, 0.865, 0.865, 0.91, 0.87, 0.84, 0.895, 0.9, 0.895, 0.92, 0.88, 0.85, 0.88, 0.9, 0.885, 0.875, 0.88, 0.875, 0.905, 0.94, 0.855, 0.9, 0.93, 0.925, 0.915, 0.875, 0.915, 0.925, 0.94, 0.91, 0.92, 0.935, 0.97]"
0.05,100,0,gaussiano,0,1,10,random,"(0,)","(100,)","(0,)","(100,)",-1,1,50,200,"[-1.         -0.95918367 -0.91836735 -0.87755102 -0.83673469 -0.79591837
 -0.75510204 -0.71428571 -0.67346939 -0.63265306 -0.59183673 -0.55102041
 -0.51020408 -0.46938776 -0.42857143 -0.3877551  -0.34693878 -0.30612245
 -0.26530612 -0.2244898  -0.18367347 -0.14285714 -0.10204082 -0.06122449
 -0.02040816  0.02040816  0.06122449  0.10204082  0.14285714  0.18367347
  0.2244898   0.26530612  0.30612245  0.34693878  0.3877551   0.42857143
  0.46938776  0.51020408  0.55102041  0.59183673  0.63265306  0.67346939
  0.71428571  0.75510204  0.79591837  0.83673469  0.87755102  0.91836735
  0.95918367  1.        ]","[1.0, 1.0, 1.0, 1.0, 1.0, 0.995, 1.0, 1.0, 1.0, 0.99, 0.955, 0.975, 0.945, 0.935, 0.83, 0.86, 0.735, 0.76, 0.625, 0.605, 0.5, 0.41, 0.335, 0.36, 0.31, 0.365, 0.3, 0.415, 0.43, 0.545, 0.59, 0.595, 0.705, 0.85, 0.81, 0.915, 0.93, 0.945, 0.975, 0.98, 0.98, 0.995, 0.995, 0.99, 1.0, 1.0, 1.0, 1.0, 1.0, 1.0]"
0.05,100,0,gaussiano,0,1,20,random,"(0,)","(100,)","(0,)","(100,)",-1,1,50,200,"[-1.         -0.95918367 -0.91836735 -0.87755102 -0.83673469 -0.79591837
 -0.75510204 -0.71428571 -0.67346939 -0.63265306 -0.59183673 -0.55102041
 -0.51020408 -0.46938776 -0.42857143 -0.3877551  -0.34693878 -0.30612245
 -0.26530612 -0.2244898  -0.18367347 -0.14285714 -0.10204082 -0.06122449
 -0.02040816  0.02040816  0.06122449  0.10204082  0.14285714  0.18367347
  0.2244898   0.26530612  0.30612245  0.34693878  0.3877551   0.42857143
  0.46938776  0.51020408  0.55102041  0.59183673  0.63265306  0.67346939
  0.71428571  0.75510204  0.79591837  0.83673469  0.87755102  0.91836735
  0.95918367  1.        ]","[0.985, 1.0, 0.985, 0.99, 0.97, 0.975, 0.96, 0.94, 0.925, 0.905, 0.92, 0.895, 0.815, 0.815, 0.79, 0.75, 0.705, 0.685, 0.69, 0.625, 0.66, 0.605, 0.605, 0.58, 0.55, 0.525, 0.56, 0.535, 0.595, 0.67, 0.68, 0.705, 0.74, 0.785, 0.765, 0.745, 0.85, 0.81, 0.865, 0.905, 0.93, 0.94, 0.96, 0.95, 0.98, 0.98, 0.975, 0.975, 0.995, 0.99]"
0.05,100,0,gaussiano,0,1,30,random,"(0,)","(100,)","(0,)","(100,)",-1,1,50,200,"[-1.         -0.95918367 -0.91836735 -0.87755102 -0.83673469 -0.79591837
 -0.75510204 -0.71428571 -0.67346939 -0.63265306 -0.59183673 -0.55102041
 -0.51020408 -0.46938776 -0.42857143 -0.3877551  -0.34693878 -0.30612245
 -0.26530612 -0.2244898  -0.18367347 -0.14285714 -0.10204082 -0.06122449
 -0.02040816  0.02040816  0.06122449  0.10204082  0.14285714  0.18367347
  0.2244898   0.26530612  0.30612245  0.34693878  0.3877551   0.42857143
  0.46938776  0.51020408  0.55102041  0.59183673  0.63265306  0.67346939
  0.71428571  0.75510204  0.79591837  0.83673469  0.87755102  0.91836735
  0.95918367  1.        ]","[0.955, 0.965, 0.935, 0.93, 0.935, 0.91, 0.935, 0.9, 0.92, 0.89, 0.835, 0.855, 0.77, 0.885, 0.77, 0.825, 0.785, 0.79, 0.72, 0.715, 0.71, 0.68, 0.725, 0.745, 0.7, 0.72, 0.74, 0.72, 0.695, 0.75, 0.72, 0.77, 0.745, 0.755, 0.81, 0.86, 0.83, 0.85, 0.83, 0.87, 0.93, 0.905, 0.93, 0.925, 0.9, 0.935, 0.96, 0.96, 0.975, 0.95]"
0.05,100,0,gaussiano,0,1,40,random,"(0,)","(100,)","(0,)","(100,)",-1,1,50,200,"[-1.         -0.95918367 -0.91836735 -0.87755102 -0.83673469 -0.79591837
 -0.75510204 -0.71428571 -0.67346939 -0.63265306 -0.59183673 -0.55102041
 -0.51020408 -0.46938776 -0.42857143 -0.3877551  -0.34693878 -0.30612245
 -0.26530612 -0.2244898  -0.18367347 -0.14285714 -0.10204082 -0.06122449
 -0.02040816  0.02040816  0.06122449  0.10204082  0.14285714  0.18367347
  0.2244898   0.26530612  0.30612245  0.34693878  0.3877551   0.42857143
  0.46938776  0.51020408  0.55102041  0.59183673  0.63265306  0.67346939
  0.71428571  0.75510204  0.79591837  0.83673469  0.87755102  0.91836735
  0.95918367  1.        ]","[0.96, 0.945, 0.94, 0.92, 0.925, 0.86, 0.925, 0.935, 0.89, 0.835, 0.855, 0.86, 0.88, 0.86, 0.825, 0.81, 0.79, 0.785, 0.85, 0.815, 0.815, 0.73, 0.755, 0.77, 0.79, 0.745, 0.77, 0.725, 0.745, 0.77, 0.78, 0.785, 0.86, 0.765, 0.85, 0.81, 0.86, 0.825, 0.85, 0.85, 0.905, 0.875, 0.88, 0.92, 0.925, 0.92, 0.955, 0.96, 0.93, 0.94]"
0.05,100,0,gaussiano,0,1,50,random,"(0,)","(100,)","(0,)","(100,)",-1,1,50,200,"[-1.         -0.95918367 -0.91836735 -0.87755102 -0.83673469 -0.79591837
 -0.75510204 -0.71428571 -0.67346939 -0.63265306 -0.59183673 -0.55102041
 -0.51020408 -0.46938776 -0.42857143 -0.3877551  -0.34693878 -0.30612245
 -0.26530612 -0.2244898  -0.18367347 -0.14285714 -0.10204082 -0.06122449
 -0.02040816  0.02040816  0.06122449  0.10204082  0.14285714  0.18367347
  0.2244898   0.26530612  0.30612245  0.34693878  0.3877551   0.42857143
  0.46938776  0.51020408  0.55102041  0.59183673  0.63265306  0.67346939
  0.71428571  0.75510204  0.79591837  0.83673469  0.87755102  0.91836735
  0.95918367  1.        ]","[0.945, 0.93, 0.91, 0.9, 0.9, 0.885, 0.905, 0.9, 0.925, 0.88, 0.86, 0.845, 0.855, 0.87, 0.86, 0.865, 0.87, 0.845, 0.85, 0.805, 0.855, 0.845, 0.825, 0.805, 0.855, 0.83, 0.795, 0.89, 0.825, 0.855, 0.87, 0.845, 0.855, 0.855, 0.825, 0.895, 0.88, 0.87, 0.88, 0.86, 0.86, 0.935, 0.935, 0.905, 0.92, 0.92, 0.895, 0.91, 0.95, 0.925]"
0.05,100,0,gaussiano,0,1,60,random,"(0,)","(100,)","(0,)","(100,)",-1,1,50,200,"[-1.         -0.95918367 -0.91836735 -0.87755102 -0.83673469 -0.79591837
 -0.75510204 -0.71428571 -0.67346939 -0.63265306 -0.59183673 -0.55102041
 -0.51020408 -0.46938776 -0.42857143 -0.3877551  -0.34693878 -0.30612245
 -0.26530612 -0.2244898  -0.18367347 -0.14285714 -0.10204082 -0.06122449
 -0.02040816  0.02040816  0.06122449  0.10204082  0.14285714  0.18367347
  0.2244898   0.26530612  0.30612245  0.34693878  0.3877551   0.42857143
  0.46938776  0.51020408  0.55102041  0.59183673  0.63265306  0.67346939
  0.71428571  0.75510204  0.79591837  0.83673469  0.87755102  0.91836735
  0.95918367  1.        ]","[0.915, 0.94, 0.955, 0.94, 0.915, 0.95, 0.885, 0.875, 0.92, 0.895, 0.9, 0.9, 0.865, 0.915, 0.92, 0.855, 0.825, 0.845, 0.845, 0.79, 0.85, 0.815, 0.84, 0.865, 0.915, 0.84, 0.87, 0.82, 0.845, 0.905, 0.84, 0.88, 0.91, 0.875, 0.89, 0.885, 0.88, 0.855, 0.94, 0.895, 0.905, 0.92, 0.9, 0.95, 0.95, 0.915, 0.925, 0.92, 0.925, 0.93]"
0.05,100,0,gaussiano,0,1,70,random,"(0,)","(100,)","(0,)","(100,)",-1,1,50,200,"[-1.         -0.95918367 -0.91836735 -0.87755102 -0.83673469 -0.79591837
 -0.75510204 -0.71428571 -0.67346939 -0.63265306 -0.59183673 -0.55102041
 -0.51020408 -0.46938776 -0.42857143 -0.3877551  -0.34693878 -0.30612245
 -0.26530612 -0.2244898  -0.18367347 -0.14285714 -0.10204082 -0.06122449
 -0.02040816  0.02040816  0.06122449  0.10204082  0.14285714  0.18367347
  0.2244898   0.26530612  0.30612245  0.34693878  0.3877551   0.42857143
  0.46938776  0.51020408  0.55102041  0.59183673  0.63265306  0.67346939
  0.71428571  0.75510204  0.79591837  0.83673469  0.87755102  0.91836735
  0.95918367  1.        ]","[0.945, 0.94, 0.935, 0.925, 0.955, 0.92, 0.905, 0.925, 0.91, 0.905, 0.9, 0.915, 0.91, 0.93, 0.9, 0.865, 0.895, 0.91, 0.915, 0.88, 0.9, 0.875, 0.87, 0.9, 0.895, 0.9, 0.9, 0.875, 0.905, 0.88, 0.885, 0.85, 0.905, 0.89, 0.895, 0.88, 0.89, 0.905, 0.915, 0.9, 0.915, 0.915, 0.92, 0.89, 0.945, 0.92, 0.94, 0.915, 0.965, 0.93]"
0.05,100,0,gaussiano,0,1,80,random,"(0,)","(100,)","(0,)","(100,)",-1,1,50,200,"[-1.         -0.95918367 -0.91836735 -0.87755102 -0.83673469 -0.79591837
 -0.75510204 -0.71428571 -0.67346939 -0.63265306 -0.59183673 -0.55102041
 -0.51020408 -0.46938776 -0.42857143 -0.3877551  -0.34693878 -0.30612245
 -0.26530612 -0.2244898  -0.18367347 -0.14285714 -0.10204082 -0.06122449
 -0.02040816  0.02040816  0.06122449  0.10204082  0.14285714  0.18367347
  0.2244898   0.26530612  0.30612245  0.34693878  0.3877551   0.42857143
  0.46938776  0.51020408  0.55102041  0.59183673  0.63265306  0.67346939
  0.71428571  0.75510204  0.79591837  0.83673469  0.87755102  0.91836735
  0.95918367  1.        ]","[0.925, 0.955, 0.94, 0.95, 0.935, 0.945, 0.885, 0.945, 0.92, 0.935, 0.95, 0.93, 0.9, 0.91, 0.885, 0.905, 0.895, 0.89, 0.91, 0.875, 0.865, 0.925, 0.845, 0.885, 0.915, 0.885, 0.905, 0.915, 0.88, 0.935, 0.905, 0.9, 0.925, 0.89, 0.93, 0.925, 0.925, 0.885, 0.915, 0.93, 0.925, 0.915, 0.935, 0.91, 0.89, 0.935, 0.955, 0.895, 0.94, 0.94]"
0.05,100,0,gaussiano,0,1,90,random,"(0,)","(100,)","(0,)","(100,)",-1,1,50,200,"[-1.         -0.95918367 -0.91836735 -0.87755102 -0.83673469 -0.79591837
 -0.75510204 -0.71428571 -0.67346939 -0.63265306 -0.59183673 -0.55102041
 -0.51020408 -0.46938776 -0.42857143 -0.3877551  -0.34693878 -0.30612245
 -0.26530612 -0.2244898  -0.18367347 -0.14285714 -0.10204082 -0.06122449
 -0.02040816  0.02040816  0.06122449  0.10204082  0.14285714  0.18367347
  0.2244898   0.26530612  0.30612245  0.34693878  0.3877551   0.42857143
  0.46938776  0.51020408  0.55102041  0.59183673  0.63265306  0.67346939
  0.71428571  0.75510204  0.79591837  0.83673469  0.87755102  0.91836735
  0.95918367  1.        ]","[0.95, 0.94, 0.935, 0.94, 0.955, 0.925, 0.945, 0.935, 0.915, 0.925, 0.95, 0.93, 0.905, 0.95, 0.925, 0.925, 0.93, 0.945, 0.905, 0.91, 0.91, 0.885, 0.925, 0.88, 0.88, 0.88, 0.915, 0.9, 0.915, 0.895, 0.89, 0.93, 0.925, 0.885, 0.855, 0.915, 0.93, 0.905, 0.935, 0.925, 0.93, 0.925, 0.94, 0.95, 0.945, 0.935, 0.94, 0.955, 0.95, 0.92]"
0.05,100,0,gaussiano,0,1,100,random,"(0,)","(100,)","(0,)","(100,)",-1,1,50,200,"[-1.         -0.95918367 -0.91836735 -0.87755102 -0.83673469 -0.79591837
 -0.75510204 -0.71428571 -0.67346939 -0.63265306 -0.59183673 -0.55102041
 -0.51020408 -0.46938776 -0.42857143 -0.3877551  -0.34693878 -0.30612245
 -0.26530612 -0.2244898  -0.18367347 -0.14285714 -0.10204082 -0.06122449
 -0.02040816  0.02040816  0.06122449  0.10204082  0.14285714  0.18367347
  0.2244898   0.26530612  0.30612245  0.34693878  0.3877551   0.42857143
  0.46938776  0.51020408  0.55102041  0.59183673  0.63265306  0.67346939
  0.71428571  0.75510204  0.79591837  0.83673469  0.87755102  0.91836735
  0.95918367  1.        ]","[0.98, 0.93, 0.955, 0.965, 0.955, 0.96, 0.915, 0.905, 0.93, 0.955, 0.935, 0.955, 0.95, 0.89, 0.905, 0.91, 0.92, 0.94, 0.945, 0.925, 0.895, 0.92, 0.92, 0.945, 0.92, 0.91, 0.92, 0.91, 0.92, 0.9, 0.88, 0.905, 0.9, 0.93, 0.885, 0.945, 0.93, 0.925, 0.94, 0.935, 0.94, 0.895, 0.965, 0.95, 0.96, 0.94, 0.95, 0.945, 0.935, 0.945]"
0.05,100,0,esferico,0,1,10,random,"(0,)","(100,)","(0,)","(100,)",-1,1,50,200,"[-1.         -0.95918367 -0.91836735 -0.87755102 -0.83673469 -0.79591837
 -0.75510204 -0.71428571 -0.67346939 -0.63265306 -0.59183673 -0.55102041
 -0.51020408 -0.46938776 -0.42857143 -0.3877551  -0.34693878 -0.30612245
 -0.26530612 -0.2244898  -0.18367347 -0.14285714 -0.10204082 -0.06122449
 -0.02040816  0.02040816  0.06122449  0.10204082  0.14285714  0.18367347
  0.2244898   0.26530612  0.30612245  0.34693878  0.3877551   0.42857143
  0.46938776  0.51020408  0.55102041  0.59183673  0.63265306  0.67346939
  0.71428571  0.75510204  0.79591837  0.83673469  0.87755102  0.91836735
  0.95918367  1.        ]","[1.0, 1.0, 1.0, 1.0, 1.0, 1.0, 1.0, 1.0, 1.0, 1.0, 1.0, 0.995, 1.0, 0.985, 0.975, 0.95, 0.885, 0.78, 0.7, 0.575, 0.445, 0.325, 0.25, 0.17, 0.14, 0.115, 0.17, 0.255, 0.33, 0.44, 0.59, 0.735, 0.82, 0.92, 0.96, 0.96, 0.99, 0.995, 0.99, 1.0, 1.0, 1.0, 1.0, 1.0, 1.0, 1.0, 1.0, 1.0, 1.0, 1.0]"
0.05,100,0,esferico,0,1,20,random,"(0,)","(100,)","(0,)","(100,)",-1,1,50,200,"[-1.         -0.95918367 -0.91836735 -0.87755102 -0.83673469 -0.79591837
 -0.75510204 -0.71428571 -0.67346939 -0.63265306 -0.59183673 -0.55102041
 -0.51020408 -0.46938776 -0.42857143 -0.3877551  -0.34693878 -0.30612245
 -0.26530612 -0.2244898  -0.18367347 -0.14285714 -0.10204082 -0.06122449
 -0.02040816  0.02040816  0.06122449  0.10204082  0.14285714  0.18367347
  0.2244898   0.26530612  0.30612245  0.34693878  0.3877551   0.42857143
  0.46938776  0.51020408  0.55102041  0.59183673  0.63265306  0.67346939
  0.71428571  0.75510204  0.79591837  0.83673469  0.87755102  0.91836735
  0.95918367  1.        ]","[1.0, 1.0, 1.0, 1.0, 1.0, 1.0, 1.0, 1.0, 0.99, 0.995, 0.99, 0.975, 0.975, 0.925, 0.93, 0.84, 0.775, 0.71, 0.655, 0.58, 0.495, 0.475, 0.39, 0.28, 0.285, 0.35, 0.265, 0.32, 0.43, 0.545, 0.61, 0.715, 0.735, 0.81, 0.815, 0.9, 0.91, 0.955, 0.985, 0.975, 0.995, 1.0, 1.0, 0.995, 1.0, 1.0, 1.0, 1.0, 1.0, 1.0]"
0.05,100,0,esferico,0,1,30,random,"(0,)","(100,)","(0,)","(100,)",-1,1,50,200,"[-1.         -0.95918367 -0.91836735 -0.87755102 -0.83673469 -0.79591837
 -0.75510204 -0.71428571 -0.67346939 -0.63265306 -0.59183673 -0.55102041
 -0.51020408 -0.46938776 -0.42857143 -0.3877551  -0.34693878 -0.30612245
 -0.26530612 -0.2244898  -0.18367347 -0.14285714 -0.10204082 -0.06122449
 -0.02040816  0.02040816  0.06122449  0.10204082  0.14285714  0.18367347
  0.2244898   0.26530612  0.30612245  0.34693878  0.3877551   0.42857143
  0.46938776  0.51020408  0.55102041  0.59183673  0.63265306  0.67346939
  0.71428571  0.75510204  0.79591837  0.83673469  0.87755102  0.91836735
  0.95918367  1.        ]","[1.0, 0.995, 1.0, 0.995, 1.0, 1.0, 0.99, 0.985, 0.985, 0.975, 0.915, 0.93, 0.9, 0.855, 0.805, 0.83, 0.725, 0.68, 0.65, 0.63, 0.49, 0.55, 0.475, 0.4, 0.45, 0.435, 0.37, 0.415, 0.5, 0.515, 0.56, 0.665, 0.725, 0.75, 0.795, 0.835, 0.87, 0.9, 0.93, 0.965, 0.965, 0.97, 0.975, 1.0, 1.0, 1.0, 0.995, 1.0, 1.0, 1.0]"
0.05,100,0,esferico,0,1,40,random,"(0,)","(100,)","(0,)","(100,)",-1,1,50,200,"[-1.         -0.95918367 -0.91836735 -0.87755102 -0.83673469 -0.79591837
 -0.75510204 -0.71428571 -0.67346939 -0.63265306 -0.59183673 -0.55102041
 -0.51020408 -0.46938776 -0.42857143 -0.3877551  -0.34693878 -0.30612245
 -0.26530612 -0.2244898  -0.18367347 -0.14285714 -0.10204082 -0.06122449
 -0.02040816  0.02040816  0.06122449  0.10204082  0.14285714  0.18367347
  0.2244898   0.26530612  0.30612245  0.34693878  0.3877551   0.42857143
  0.46938776  0.51020408  0.55102041  0.59183673  0.63265306  0.67346939
  0.71428571  0.75510204  0.79591837  0.83673469  0.87755102  0.91836735
  0.95918367  1.        ]","[0.995, 0.99, 0.995, 0.99, 0.98, 1.0, 0.98, 0.97, 0.96, 0.925, 0.915, 0.92, 0.845, 0.85, 0.805, 0.75, 0.785, 0.665, 0.705, 0.595, 0.615, 0.595, 0.535, 0.515, 0.5, 0.54, 0.545, 0.56, 0.57, 0.685, 0.67, 0.705, 0.705, 0.71, 0.75, 0.815, 0.84, 0.87, 0.935, 0.915, 0.96, 0.955, 0.905, 0.97, 0.985, 0.99, 0.99, 0.995, 1.0, 0.995]"
0.05,100,0,esferico,0,1,50,random,"(0,)","(100,)","(0,)","(100,)",-1,1,50,200,"[-1.         -0.95918367 -0.91836735 -0.87755102 -0.83673469 -0.79591837
 -0.75510204 -0.71428571 -0.67346939 -0.63265306 -0.59183673 -0.55102041
 -0.51020408 -0.46938776 -0.42857143 -0.3877551  -0.34693878 -0.30612245
 -0.26530612 -0.2244898  -0.18367347 -0.14285714 -0.10204082 -0.06122449
 -0.02040816  0.02040816  0.06122449  0.10204082  0.14285714  0.18367347
  0.2244898   0.26530612  0.30612245  0.34693878  0.3877551   0.42857143
  0.46938776  0.51020408  0.55102041  0.59183673  0.63265306  0.67346939
  0.71428571  0.75510204  0.79591837  0.83673469  0.87755102  0.91836735
  0.95918367  1.        ]","[1.0, 0.98, 0.98, 0.965, 0.98, 0.97, 0.93, 0.915, 0.93, 0.925, 0.895, 0.84, 0.855, 0.865, 0.81, 0.745, 0.815, 0.69, 0.71, 0.67, 0.63, 0.655, 0.61, 0.64, 0.6, 0.545, 0.62, 0.655, 0.69, 0.65, 0.675, 0.655, 0.73, 0.745, 0.795, 0.83, 0.805, 0.8, 0.875, 0.895, 0.9, 0.91, 0.945, 0.955, 0.98, 0.97, 0.97, 0.97, 0.985, 0.995]"
0.05,100,0,esferico,0,1,60,random,"(0,)","(100,)","(0,)","(100,)",-1,1,50,200,"[-1.         -0.95918367 -0.91836735 -0.87755102 -0.83673469 -0.79591837
 -0.75510204 -0.71428571 -0.67346939 -0.63265306 -0.59183673 -0.55102041
 -0.51020408 -0.46938776 -0.42857143 -0.3877551  -0.34693878 -0.30612245
 -0.26530612 -0.2244898  -0.18367347 -0.14285714 -0.10204082 -0.06122449
 -0.02040816  0.02040816  0.06122449  0.10204082  0.14285714  0.18367347
  0.2244898   0.26530612  0.30612245  0.34693878  0.3877551   0.42857143
  0.46938776  0.51020408  0.55102041  0.59183673  0.63265306  0.67346939
  0.71428571  0.75510204  0.79591837  0.83673469  0.87755102  0.91836735
  0.95918367  1.        ]","[0.98, 0.995, 0.965, 0.97, 0.97, 0.935, 0.97, 0.945, 0.9, 0.865, 0.9, 0.865, 0.815, 0.75, 0.77, 0.73, 0.785, 0.775, 0.755, 0.695, 0.655, 0.68, 0.65, 0.625, 0.62, 0.685, 0.68, 0.675, 0.73, 0.755, 0.675, 0.72, 0.735, 0.78, 0.815, 0.805, 0.795, 0.87, 0.86, 0.86, 0.9, 0.865, 0.89, 0.91, 0.94, 0.975, 0.95, 0.965, 0.98, 0.98]"
0.05,100,0,esferico,0,1,70,random,"(0,)","(100,)","(0,)","(100,)",-1,1,50,200,"[-1.         -0.95918367 -0.91836735 -0.87755102 -0.83673469 -0.79591837
 -0.75510204 -0.71428571 -0.67346939 -0.63265306 -0.59183673 -0.55102041
 -0.51020408 -0.46938776 -0.42857143 -0.3877551  -0.34693878 -0.30612245
 -0.26530612 -0.2244898  -0.18367347 -0.14285714 -0.10204082 -0.06122449
 -0.02040816  0.02040816  0.06122449  0.10204082  0.14285714  0.18367347
  0.2244898   0.26530612  0.30612245  0.34693878  0.3877551   0.42857143
  0.46938776  0.51020408  0.55102041  0.59183673  0.63265306  0.67346939
  0.71428571  0.75510204  0.79591837  0.83673469  0.87755102  0.91836735
  0.95918367  1.        ]","[0.965, 0.94, 0.95, 0.965, 0.945, 0.915, 0.92, 0.905, 0.91, 0.87, 0.865, 0.84, 0.845, 0.8, 0.87, 0.81, 0.785, 0.695, 0.75, 0.72, 0.74, 0.745, 0.71, 0.685, 0.735, 0.68, 0.7, 0.78, 0.695, 0.735, 0.715, 0.745, 0.795, 0.79, 0.765, 0.79, 0.775, 0.86, 0.85, 0.885, 0.875, 0.885, 0.91, 0.935, 0.925, 0.96, 0.965, 0.96, 0.94, 0.955]"
0.05,100,0,esferico,0,1,80,random,"(0,)","(100,)","(0,)","(100,)",-1,1,50,200,"[-1.         -0.95918367 -0.91836735 -0.87755102 -0.83673469 -0.79591837
 -0.75510204 -0.71428571 -0.67346939 -0.63265306 -0.59183673 -0.55102041
 -0.51020408 -0.46938776 -0.42857143 -0.3877551  -0.34693878 -0.30612245
 -0.26530612 -0.2244898  -0.18367347 -0.14285714 -0.10204082 -0.06122449
 -0.02040816  0.02040816  0.06122449  0.10204082  0.14285714  0.18367347
  0.2244898   0.26530612  0.30612245  0.34693878  0.3877551   0.42857143
  0.46938776  0.51020408  0.55102041  0.59183673  0.63265306  0.67346939
  0.71428571  0.75510204  0.79591837  0.83673469  0.87755102  0.91836735
  0.95918367  1.        ]","[0.965, 0.98, 0.915, 0.945, 0.935, 0.91, 0.865, 0.92, 0.92, 0.885, 0.85, 0.845, 0.77, 0.81, 0.82, 0.76, 0.78, 0.815, 0.755, 0.735, 0.79, 0.735, 0.73, 0.73, 0.73, 0.735, 0.755, 0.745, 0.725, 0.745, 0.765, 0.74, 0.8, 0.82, 0.795, 0.795, 0.83, 0.855, 0.85, 0.795, 0.87, 0.84, 0.88, 0.905, 0.945, 0.95, 0.935, 0.945, 0.955, 0.97]"
0.05,100,0,esferico,0,1,90,random,"(0,)","(100,)","(0,)","(100,)",-1,1,50,200,"[-1.         -0.95918367 -0.91836735 -0.87755102 -0.83673469 -0.79591837
 -0.75510204 -0.71428571 -0.67346939 -0.63265306 -0.59183673 -0.55102041
 -0.51020408 -0.46938776 -0.42857143 -0.3877551  -0.34693878 -0.30612245
 -0.26530612 -0.2244898  -0.18367347 -0.14285714 -0.10204082 -0.06122449
 -0.02040816  0.02040816  0.06122449  0.10204082  0.14285714  0.18367347
  0.2244898   0.26530612  0.30612245  0.34693878  0.3877551   0.42857143
  0.46938776  0.51020408  0.55102041  0.59183673  0.63265306  0.67346939
  0.71428571  0.75510204  0.79591837  0.83673469  0.87755102  0.91836735
  0.95918367  1.        ]","[0.945, 0.94, 0.945, 0.935, 0.93, 0.905, 0.93, 0.895, 0.88, 0.905, 0.84, 0.845, 0.82, 0.855, 0.815, 0.81, 0.825, 0.795, 0.85, 0.845, 0.735, 0.775, 0.785, 0.78, 0.785, 0.795, 0.76, 0.79, 0.71, 0.785, 0.795, 0.805, 0.78, 0.835, 0.79, 0.815, 0.84, 0.885, 0.885, 0.86, 0.89, 0.895, 0.895, 0.91, 0.88, 0.92, 0.91, 0.925, 0.95, 0.96]"
0.05,100,0,esferico,0,1,100,random,"(0,)","(100,)","(0,)","(100,)",-1,1,50,200,"[-1.         -0.95918367 -0.91836735 -0.87755102 -0.83673469 -0.79591837
 -0.75510204 -0.71428571 -0.67346939 -0.63265306 -0.59183673 -0.55102041
 -0.51020408 -0.46938776 -0.42857143 -0.3877551  -0.34693878 -0.30612245
 -0.26530612 -0.2244898  -0.18367347 -0.14285714 -0.10204082 -0.06122449
 -0.02040816  0.02040816  0.06122449  0.10204082  0.14285714  0.18367347
  0.2244898   0.26530612  0.30612245  0.34693878  0.3877551   0.42857143
  0.46938776  0.51020408  0.55102041  0.59183673  0.63265306  0.67346939
  0.71428571  0.75510204  0.79591837  0.83673469  0.87755102  0.91836735
  0.95918367  1.        ]","[0.95, 0.93, 0.93, 0.925, 0.9, 0.895, 0.94, 0.895, 0.865, 0.855, 0.9, 0.91, 0.87, 0.845, 0.865, 0.88, 0.82, 0.76, 0.83, 0.845, 0.755, 0.82, 0.805, 0.805, 0.745, 0.825, 0.795, 0.765, 0.77, 0.77, 0.755, 0.835, 0.835, 0.815, 0.885, 0.85, 0.845, 0.845, 0.855, 0.895, 0.875, 0.91, 0.91, 0.92, 0.925, 0.92, 0.92, 0.945, 0.955, 0.97]"
